SNIIM Sistema Nacional de Información e Integración de Mercados,SNIIM Sistema Nacional de Información e Integración de Mercados,SNIIM Sistema Nacional de Información e Integración de Mercados,SNIIM Sistema Nacional de Información e Integración de Mercados,SNIIM Sistema Nacional de Información e Integración de Mercados,SNIIM Sistema Nacional de Información e Integración de Mercados,SNIIM Sistema Nacional de Información e Integración de Mercados,SNIIM Sistema Nacional de Información e Integración de Mercados,SNIIM Sistema Nacional de Información e Integración de Mercados,SNIIM Sistema Nacional de Información e Integración de Mercados,SNIIM Sistema Nacional de Información e Integración de Mercados,SNIIM Sistema Nacional de Información e Integración de Mercados,SNIIM Sistema Nacional de Información e Integración de Mercados,SNIIM Sistema Nacional de Información e Integración de Mercados,,,,,,,,,,,,,,,,,,,,,,,,,,,,,,,,,,,,,,,,,,,,,,,,,,,,,,,,,,,,,,,,,,,,,,,,,,,,,,,,,,,,,,,,,,,,,,,,,,,,,,,,,,,,,,,,,,,,,,,,,,,,,,,,,,,,,,,,,,,,,,,,,,,
Precios de Tortilla por Días del Año,Precios de Tortilla por Días del Año,Precios de Tortilla por Días del Año,Precios de Tortilla por Días del Año,Precios de Tortilla por Días del Año,Precios de Tortilla por Días del Año,Precios de Tortilla por Días del Año,Precios de Tortilla por Días del Año,Precios de Tortilla por Días del Año,Precios de Tortilla por Días del Año,Precios de Tortilla por Días del Año,Precios de Tortilla por Días del Año,Precios de Tortilla por Días del Año,Precios de Tortilla por Días del Año,,,,,,,,,,,,,,,,,,,,,,,,,,,,,,,,,,,,,,,,,,,,,,,,,,,,,,,,,,,,,,,,,,,,,,,,,,,,,,,,,,,,,,,,,,,,,,,,,,,,,,,,,,,,,,,,,,,,,,,,,,,,,,,,,,,,,,,,,,,,,,,,,,,
Año: 2007,Año: 2007,Año: 2007,Año: 2007,Año: 2007,Año: 2007,Año: 2007,Año: 2007,Año: 2007,Año: 2007,Año: 2007,Año: 2007,Año: 2007,Año: 2007,,,,,,,,,,,,,,,,,,,,,,,,,,,,,,,,,,,,,,,,,,,,,,,,,,,,,,,,,,,,,,,,,,,,,,,,,,,,,,,,,,,,,,,,,,,,,,,,,,,,,,,,,,,,,,,,,,,,,,,,,,,,,,,,,,,,,,,,,,,,,,,,,,,
Precios por Kilogramo,Precios por Kilogramo,Precios por Kilogramo,Precios por Kilogramo,Precios por Kilogramo,Precios por Kilogramo,Precios por Kilogramo,Precios por Kilogramo,Precios por Kilogramo,Precios por Kilogramo,Precios por Kilogramo,Precios por Kilogramo,Precios por Kilogramo,Precios por Kilogramo,,,,,,,,,,,,,,,,,,,,,,,,,,,,,,,,,,,,,,,,,,,,,,,,,,,,,,,,,,,,,,,,,,,,,,,,,,,,,,,,,,,,,,,,,,,,,,,,,,,,,,,,,,,,,,,,,,,,,,,,,,,,,,,,,,,,,,,,,,,,,,,,,,,
Precios de Tortilla en Tortillerías por estado y ciudad 1/,Precios de Tortilla en Tortillerías por estado y ciudad 1/,Precios de Tortilla en Tortillerías por estado y ciudad 1/,Precios de Tortilla en Tortillerías por estado y ciudad 1/,Precios de Tortilla en Tortillerías por estado y ciudad 1/,Precios de Tortilla en Tortillerías por estado y ciudad 1/,Precios de Tortilla en Tortillerías por estado y ciudad 1/,Precios de Tortilla en Tortillerías por estado y ciudad 1/,Precios de Tortilla en Tortillerías por estado y ciudad 1/,Precios de Tortilla en Tortillerías por estado y ciudad 1/,Precios de Tortilla en Tortillerías por estado y ciudad 1/,Precios de Tortilla en Tortillerías por estado y ciudad 1/,Precios de Tortilla en Tortillerías por estado y ciudad 1/,Precios de Tortilla en Tortillerías por estado y ciudad 1/,,,,,,,,,,,,,,,,,,,,,,,,,,,,,,,,,,,,,,,,,,,,,,,,,,,,,,,,,,,,,,,,,,,,,,,,,,,,,,,,,,,,,,,,,,,,,,,,,,,,,,,,,,,,,,,,,,,,,,,,,,,,,,,,,,,,,,,,,,,,,,,,,,,
Estado,Ciudad,10-Ene,12-Ene,15-Ene,16-Ene,17-Ene,18-Ene,19-Ene,20-Ene,22-Ene,23-Ene,24-Ene,25-Ene,26-Ene,27-Ene,29-Ene,30-Ene,31-Ene,1-Feb,2-Feb,3-Feb,6-Feb,7-Feb,8-Feb,9-Feb,10-Feb,12-Feb,13-Feb,14-Feb,15-Feb,16-Feb,17-Feb,19-Feb,20-Feb,21-Feb,22-Feb,23-Feb,24-Feb,26-Feb,27-Feb,28-Feb,1-Mar,2-Mar,3-Mar,5-Mar,6-Mar,7-Mar,8-Mar,9-Mar,10-Mar,12-Mar,13-Mar,14-Mar,15-Mar,16-Mar,17-Mar,20-Mar,21-Mar,22-Mar,23-Mar,24-Mar,26-Mar,27-Mar,28-Mar,29-Mar,30-Mar,31-Mar,2-Abr,3-Abr,4-Abr,9-Abr,10-Abr,11-Abr,12-Abr,13-Abr,14-Abr,16-Abr,17-Abr,18-Abr,19-Abr,20-Abr,21-Abr,23-Abr,24-Abr,25-Abr,26-Abr,27-Abr,28-Abr,30-Abr,2-May,3-May,4-May,7-May,8-May,9-May,10-May,11-May,12-May,14-May,15-May,16-May,17-May,18-May,21-May,22-May,23-May,24-May,25-May,28-May,29-May,30-May,31-May,1-Jun,4-Jun,5-Jun,6-Jun,7-Jun,8-Jun,11-Jun,12-Jun,13-Jun,14-Jun,15-Jun,18-Jun,19-Jun,20-Jun,21-Jun,22-Jun,25-Jun,26-Jun,27-Jun,28-Jun,29-Jun,2-Jul,9-Jul,16-Jul,23-Jul,30-Jul,6-Ago,13-Ago,20-Ago,27-Ago,3-Sep,10-Sep,17-Sep,24-Sep,1-Oct,8-Oct,15-Oct,22-Oct,29-Oct,5-Nov,12-Nov,20-Nov,26-Nov,3-Dic,10-Dic,17-Dic,24-Dic,31-Dic
Aguascalientes,Aguascalientes,9.90,9.90,9.90,9.90,9.90,9.90,9.90,9.90,9.40,9.40,9.70,10.00,10.00,10.00,10.00,10.00,10.00,10.00,10.00,10.00,10.00,10.00,10.00,10.00,10.00,9.70,9.70,9.70,9.70,9.70,9.70,9.70,9.70,9.70,9.70,9.70,9.70,9.70,9.70,9.70,9.70,9.70,9.70,9.70,9.70,9.70,9.70,9.60,9.60,9.60,9.60,9.60,9.60,9.60,9.60,9.60,9.60,9.60,9.60,9.60,9.60,9.60,9.60,9.60,9.60,9.60,9.60,9.60,9.60,9.60,9.60,9.60,9.60,9.60,9.60,9.60,9.60,9.60,9.60,9.60,9.60,9.60,9.60,9.60,9.60,9.60,9.60,9.60,9.60,9.60,9.60,9.60,9.60,9.60,9.60,9.60,9.60,9.60,9.60,9.60,9.60,9.60,9.60,9.60,9.60,9.60,9.60,9.60,9.60,9.60,9.60,9.60,9.60,9.60,9.60,9.60,9.60,9.60,9.60,9.60,9.60,9.60,9.60,9.60,9.60,9.60,9.60,9.60,9.60,9.60,9.60,9.60,9.60,9.60,9.60,9.60,9.60,9.60,9.60,9.60,9.60,9.60,9.60,9.60,9.60,9.60,9.60,9.60,9.60,9.60,9.60,9.60,9.60,9.60,9.60,9.60,9.60,9.60,9.60
Aguascalientes,Aguascalientes,9.90,9.90,9.90,9.90,9.90,9.90,9.90,9.90,9.40,9.40,9.70,10.00,10.00,10.00,10.00,10.00,10.00,10.00,10.00,10.00,10.00,10.00,10.00,10.00,10.00,9.70,9.70,9.70,9.70,9.70,9.70,9.70,9.70,9.70,9.70,9.70,9.70,9.70,9.70,9.70,9.70,9.70,9.70,9.70,9.70,9.70,9.70,9.60,9.60,9.60,9.60,9.60,9.60,9.60,9.60,9.60,9.60,9.60,9.60,9.60,9.60,9.60,9.60,9.60,9.60,9.60,9.60,9.60,9.60,9.60,9.60,9.60,9.60,9.60,9.60,9.60,9.60,9.60,9.60,9.60,9.60,9.60,9.60,9.60,9.60,9.60,9.60,9.60,9.60,9.60,9.60,9.60,9.60,9.60,9.60,9.60,9.60,9.60,9.60,9.60,9.60,9.60,9.60,9.60,9.60,9.60,9.60,9.60,9.60,9.60,9.60,9.60,9.60,9.60,9.60,9.60,9.60,9.60,9.60,9.60,9.60,9.60,9.60,9.60,9.60,9.60,9.60,9.60,9.60,9.60,9.60,9.60,9.60,9.60,9.60,9.60,9.60,9.60,9.60,9.60,9.60,9.60,9.60,9.60,9.60,9.60,9.60,9.60,9.60,9.60,9.60,9.60,9.60,9.60,9.60,9.60,9.60,9.60,9.60
Baja California,Mexicali,,,,,,,,,,,,12.00,12.00,12.00,12.00,12.00,12.00,12.00,12.00,12.00,12.00,12.00,12.00,12.00,12.00,12.00,12.00,12.00,12.00,12.00,12.00,12.00,12.00,12.00,12.00,12.00,12.00,12.00,12.00,12.00,11.80,11.80,11.80,11.80,11.80,11.80,11.80,11.80,11.80,11.80,11.80,11.80,11.80,11.80,11.80,11.80,11.80,11.80,11.80,11.80,11.80,11.80,11.80,11.80,11.80,11.80,11.80,11.80,11.80,11.80,11.80,11.80,11.80,11.80,11.80,11.80,11.80,11.80,11.80,11.80,11.80,11.80,11.80,11.80,11.80,11.80,11.80,11.80,11.80,11.80,11.80,11.80,11.80,11.80,11.80,11.80,11.80,11.80,11.80,11.80,11.80,11.80,11.80,11.80,11.80,11.80,11.80,11.80,11.80,11.80,11.80,11.80,11.80,11.80,11.80,11.80,11.80,11.80,11.80,11.80,11.80,11.80,11.80,11.80,11.80,11.80,11.80,11.80,11.80,11.80,11.80,11.80,11.80,11.80,11.80,11.80,11.80,11.80,11.80,11.80,11.80,11.80,11.80,11.80,11.80,11.80,11.80,11.80,11.80,11.80,11.80,11.80,11.80,11.80,11.80,11.80,11.80,11.80,11.80
,Tijuana,10.00,9.33,10.00,10.00,10.00,10.20,10.20,10.20,10.20,10.20,10.20,10.25,10.25,10.25,10.25,10.25,10.25,10.25,10.25,10.25,10.25,10.25,10.25,10.25,10.25,10.25,10.25,10.25,10.25,10.25,10.25,10.25,10.25,10.25,10.25,10.25,10.25,10.25,10.25,10.25,10.25,10.25,10.25,10.25,10.25,10.25,10.25,10.25,10.25,10.25,10.25,10.25,10.25,10.25,10.25,10.38,10.38,10.38,10.38,10.38,10.38,10.38,10.38,10.38,10.38,10.38,10.38,10.38,10.38,10.38,10.38,10.38,10.38,10.38,10.38,10.38,10.38,10.38,10.38,10.38,10.38,10.38,10.50,10.50,10.50,10.50,10.50,10.50,10.50,10.50,10.25,10.25,10.25,10.25,10.25,10.25,10.25,10.25,10.25,10.25,10.25,10.50,10.50,10.50,10.50,10.50,10.50,10.50,10.50,10.50,10.50,10.50,10.50,10.50,10.50,10.50,10.50,10.50,10.50,10.50,10.50,10.50,10.50,10.50,10.50,10.50,10.50,10.50,10.50,10.50,10.50,10.50,10.50,10.50,10.50,10.50,10.50,10.50,10.50,10.50,10.50,10.50,10.50,10.50,10.50,10.50,10.50,10.50,10.50,10.50,10.50,10.50,10.50,10.50,10.50,10.38,10.38,10.38,10.38
Baja California,Baja California,10.00,9.33,10.00,10.00,10.00,10.20,10.20,10.20,10.20,10.20,10.20,11.13,11.13,11.13,11.13,11.13,11.13,11.13,11.13,11.13,11.13,11.13,11.13,11.13,11.13,11.13,11.13,11.13,11.13,11.13,11.13,11.13,11.13,11.13,11.13,11.13,11.13,11.13,11.13,11.13,11.03,11.03,11.03,11.03,11.03,11.03,11.03,11.03,11.03,11.03,11.03,11.03,11.03,11.03,11.03,11.09,11.09,11.09,11.09,11.09,11.09,11.09,11.09,11.09,11.09,11.09,11.09,11.09,11.09,11.09,11.09,11.09,11.09,11.09,11.09,11.09,11.09,11.09,11.09,11.09,11.09,11.09,11.15,11.15,11.15,11.15,11.15,11.15,11.15,11.15,11.03,11.03,11.03,11.03,11.03,11.03,11.03,11.03,11.03,11.03,11.03,11.15,11.15,11.15,11.15,11.15,11.15,11.15,11.15,11.15,11.15,11.15,11.15,11.15,11.15,11.15,11.15,11.15,11.15,11.15,11.15,11.15,11.15,11.15,11.15,11.15,11.15,11.15,11.15,11.15,11.15,11.15,11.15,11.15,11.15,11.15,11.15,11.15,11.15,11.15,11.15,11.15,11.15,11.15,11.15,11.15,11.15,11.15,11.15,11.15,11.15,11.15,11.15,11.15,11.15,11.09,11.09,11.09,11.09
Baja California Sur,La Paz,10.00,10.00,10.00,10.00,10.00,10.00,10.00,10.00,10.00,10.00,10.00,10.00,10.00,10.00,10.00,10.00,10.00,10.00,9.50,9.50,9.50,9.50,9.50,9.50,9.50,9.50,9.50,9.50,9.50,9.50,9.00,9.00,9.00,9.00,9.00,9.00,9.00,9.00,9.00,9.00,9.00,9.00,9.00,9.00,9.00,9.00,9.00,9.00,9.00,9.00,9.00,9.00,9.00,9.00,9.00,9.00,9.00,9.00,9.00,9.00,9.00,9.00,9.00,9.00,9.00,9.00,9.00,9.00,9.00,9.00,9.00,9.00,9.00,9.00,9.00,9.00,9.00,9.00,9.00,9.00,9.00,9.00,9.00,9.00,9.60,9.60,9.60,9.60,9.60,9.60,9.60,9.60,9.60,9.60,9.60,9.60,9.60,9.60,9.60,9.60,9.60,9.60,9.60,9.60,9.60,9.60,9.60,9.60,9.60,9.60,9.60,9.60,9.60,9.60,9.60,9.60,9.60,9.60,9.60,9.60,9.60,9.60,9.60,9.60,9.60,9.60,9.60,9.60,9.60,9.60,9.60,9.60,9.60,9.60,9.60,9.60,9.60,9.60,9.60,9.60,9.60,9.60,9.60,9.60,9.60,9.60,9.60,9.60,9.60,9.60,9.60,9.60,9.60,9.60,9.60,9.60,9.60,9.60,9.60
Baja California Sur,Baja California Sur,10.00,10.00,10.00,10.00,10.00,10.00,10.00,10.00,10.00,10.00,10.00,10.00,10.00,10.00,10.00,10.00,10.00,10.00,9.50,9.50,9.50,9.50,9.50,9.50,9.50,9.50,9.50,9.50,9.50,9.50,9.00,9.00,9.00,9.00,9.00,9.00,9.00,9.00,9.00,9.00,9.00,9.00,9.00,9.00,9.00,9.00,9.00,9.00,9.00,9.00,9.00,9.00,9.00,9.00,9.00,9.00,9.00,9.00,9.00,9.00,9.00,9.00,9.00,9.00,9.00,9.00,9.00,9.00,9.00,9.00,9.00,9.00,9.00,9.00,9.00,9.00,9.00,9.00,9.00,9.00,9.00,9.00,9.00,9.00,9.60,9.60,9.60,9.60,9.60,9.60,9.60,9.60,9.60,9.60,9.60,9.60,9.60,9.60,9.60,9.60,9.60,9.60,9.60,9.60,9.60,9.60,9.60,9.60,9.60,9.60,9.60,9.60,9.60,9.60,9.60,9.60,9.60,9.60,9.60,9.60,9.60,9.60,9.60,9.60,9.60,9.60,9.60,9.60,9.60,9.60,9.60,9.60,9.60,9.60,9.60,9.60,9.60,9.60,9.60,9.60,9.60,9.60,9.60,9.60,9.60,9.60,9.60,9.60,9.60,9.60,9.60,9.60,9.60,9.60,9.60,9.60,9.60,9.60,9.60
Campeche,Campeche,10.00,10.00,10.00,10.00,10.00,9.90,9.90,9.40,8.50,8.50,8.50,9.50,9.50,9.50,9.50,9.50,9.50,9.00,9.00,9.00,9.00,9.00,9.00,9.00,9.00,9.00,9.00,9.00,9.00,9.00,9.00,9.00,9.00,9.00,9.00,9.00,9.00,9.00,9.00,9.00,9.00,9.00,9.00,9.00,9.00,9.00,9.00,9.00,9.00,9.00,9.00,9.00,9.00,9.00,9.00,9.00,9.00,9.00,9.00,9.00,9.00,9.00,9.00,9.00,9.00,9.00,9.00,9.00,9.00,9.00,9.00,9.00,9.00,9.00,9.00,9.00,9.00,9.00,9.00,9.00,9.25,9.25,9.25,9.25,9.25,9.25,9.25,9.25,9.25,9.25,9.25,9.25,9.25,9.25,9.25,9.25,9.25,9.25,9.25,9.25,9.25,9.25,9.25,9.25,9.25,9.25,9.25,9.25,9.25,9.25,9.25,9.25,9.25,9.25,9.25,9.25,9.25,9.25,9.25,9.25,9.25,9.25,9.25,9.25,9.25,9.25,9.25,9.25,9.25,9.25,9.25,9.25,9.25,9.25,9.25,9.25,9.25,9.25,9.25,9.25,9.25,9.25,9.25,9.25,9.25,9.25,9.25,9.25,9.25,9.25,9.25,9.25,9.25,9.50,9.50,9.25,9.25,9.25,9.25
Campeche,Campeche,10.00,10.00,10.00,10.00,10.00,9.90,9.90,9.40,8.50,8.50,8.50,9.50,9.50,9.50,9.50,9.50,9.50,9.00,9.00,9.00,9.00,9.00,9.00,9.00,9.00,9.00,9.00,9.00,9.00,9.00,9.00,9.00,9.00,9.00,9.00,9.00,9.00,9.00,9.00,9.00,9.00,9.00,9.00,9.00,9.00,9.00,9.00,9.00,9.00,9.00,9.00,9.00,9.00,9.00,9.00,9.00,9.00,9.00,9.00,9.00,9.00,9.00,9.00,9.00,9.00,9.00,9.00,9.00,9.00,9.00,9.00,9.00,9.00,9.00,9.00,9.00,9.00,9.00,9.00,9.00,9.25,9.25,9.25,9.25,9.25,9.25,9.25,9.25,9.25,9.25,9.25,9.25,9.25,9.25,9.25,9.25,9.25,9.25,9.25,9.25,9.25,9.25,9.25,9.25,9.25,9.25,9.25,9.25,9.25,9.25,9.25,9.25,9.25,9.25,9.25,9.25,9.25,9.25,9.25,9.25,9.25,9.25,9.25,9.25,9.25,9.25,9.25,9.25,9.25,9.25,9.25,9.25,9.25,9.25,9.25,9.25,9.25,9.25,9.25,9.25,9.25,9.25,9.25,9.25,9.25,9.25,9.25,9.25,9.25,9.25,9.25,9.25,9.25,9.50,9.50,9.25,9.25,9.25,9.25
Coahuila,Piedras Negras,10.00,9.50,9.50,10.00,10.00,10.00,10.00,10.00,10.00,10.00,10.00,10.00,10.00,9.50,9.50,9.50,9.50,9.50,9.00,9.00,9.50,9.50,9.50,9.50,9.50,9.50,9.50,9.50,9.50,9.50,9.50,9.50,9.50,9.00,9.00,9.00,9.00,9.00,9.00,9.00,9.00,9.00,9.00,9.00,9.00,9.00,9.00,9.00,9.00,9.00,9.00,9.00,9.00,9.00,9.00,9.00,9.00,9.00,9.00,9.00,9.00,9.00,9.00,9.00,9.00,9.00,9.00,9.00,9.00,9.00,9.00,9.00,9.00,9.00,9.00,9.00,9.00,9.00,9.00,9.00,9.00,9.00,9.00,9.00,9.00,9.00,9.00,9.00,9.00,9.00,9.00,9.00,9.00,9.00,9.00,9.00,9.00,9.00,9.00,9.00,9.00,9.00,9.00,9.00,9.00,9.00,9.00,9.00,9.00,9.00,9.00,9.00,9.00,9.00,9.00,9.00,9.00,9.00,9.00,9.00,9.00,9.00,9.00,9.00,9.00,9.00,9.00,9.00,9.00,9.00,9.00,9.00,9.00,9.00,9.00,9.00,9.00,9.00,9.00,9.00,9.00,9.00,9.00,9.00,9.00,9.00,9.00,9.00,9.00,9.00,9.00,9.00,9.00,9.00,9.00,9.00,9.00,9.00,9.00
,Saltillo,,,,,,,,,,,,8.25,8.00,8.00,8.00,8.25,8.25,8.25,8.25,8.25,8.25,8.13,8.25,8.25,8.25,8.13,8.13,8.13,8.13,8.13,8.13,8.13,8.13,8.50,8.50,8.50,8.50,8.50,8.50,8.50,8.50,8.50,8.50,8.50,8.50,8.50,8.50,8.50,8.50,8.50,8.50,8.50,8.50,8.50,8.50,8.50,8.50,8.50,8.50,8.50,8.50,8.50,8.50,8.50,8.50,8.50,8.50,8.50,8.50,8.50,8.50,8.50,8.50,8.50,8.50,8.50,8.50,8.50,8.50,8.50,8.50,8.50,8.50,8.50,8.50,8.50,8.50,8.50,8.50,8.50,8.50,8.50,8.50,8.50,8.50,8.50,8.50,8.50,8.50,8.50,8.50,8.50,8.50,8.50,8.50,8.50,8.50,8.63,8.50,8.50,8.50,8.50,8.50,8.50,8.50,8.50,8.50,8.50,8.50,8.50,8.50,8.50,8.50,8.50,8.63,8.50,8.50,8.50,8.50,8.50,8.50,8.50,8.50,8.50,8.50,8.50,8.50,8.50,8.50,8.50,8.50,8.50,8.50,8.50,8.50,8.63,8.63,8.63,8.63,8.63,8.63,8.63,8.63,8.63,8.63,8.63,8.88,8.88,8.88
Coahuila,Coahuila,10.00,9.50,9.50,10.00,10.00,10.00,10.00,10.00,10.00,10.00,10.00,9.13,9.00,8.75,8.75,8.88,8.88,8.88,8.63,8.63,8.88,8.82,8.88,8.88,8.88,8.82,8.82,8.82,8.82,8.82,8.82,8.82,8.82,8.75,8.75,8.75,8.75,8.75,8.75,8.75,8.75,8.75,8.75,8.75,8.75,8.75,8.75,8.75,8.75,8.75,8.75,8.75,8.75,8.75,8.75,8.75,8.75,8.75,8.75,8.75,8.75,8.75,8.75,8.75,8.75,8.75,8.75,8.75,8.75,8.75,8.75,8.75,8.75,8.75,8.75,8.75,8.75,8.75,8.75,8.75,8.75,8.75,8.75,8.75,8.75,8.75,8.75,8.75,8.75,8.75,8.75,8.75,8.75,8.75,8.75,8.75,8.75,8.75,8.75,8.75,8.75,8.75,8.75,8.75,8.75,8.75,8.75,8.82,8.75,8.75,8.75,8.75,8.75,8.75,8.75,8.75,8.75,8.75,8.75,8.75,8.75,8.75,8.75,8.75,8.82,8.75,8.75,8.75,8.75,8.75,8.75,8.75,8.75,8.75,8.75,8.75,8.75,8.75,8.75,8.75,8.75,8.75,8.75,8.75,8.75,8.82,8.82,8.82,8.82,8.82,8.82,8.82,8.82,8.82,8.82,8.82,8.94,8.94,8.94
Colima,Colima,10.00,11.00,9.80,9.80,9.60,9.60,9.60,9.60,9.60,9.60,9.60,8.50,8.50,8.50,8.50,8.50,8.50,8.50,8.50,8.50,8.50,8.50,8.50,8.50,8.50,8.50,8.50,8.50,8.50,8.50,8.50,8.50,8.50,8.50,8.50,8.50,8.50,8.50,8.50,8.50,8.50,8.50,8.50,8.50,8.50,8.50,8.50,8.50,8.50,8.50,8.50,8.50,8.50,8.50,8.50,8.50,8.50,8.50,8.50,8.50,8.50,8.50,8.50,8.50,8.50,8.50,8.50,8.50,8.50,8.50,8.50,8.50,8.50,8.50,8.50,8.50,8.50,8.50,8.50,8.50,8.50,8.50,8.50,8.50,8.50,8.50,8.50,8.50,8.50,8.50,8.50,8.50,8.50,8.50,8.50,8.50,8.50,8.50,8.50,8.50,8.50,8.50,8.50,8.50,8.50,8.50,8.50,8.50,8.50,8.50,8.50,8.50,8.50,8.50,8.50,8.50,8.50,8.50,8.50,8.50,8.50,8.50,8.50,8.50,8.50,8.50,8.50,8.50,8.50,8.50,8.50,8.50,8.50,8.50,8.50,8.50,8.50,8.50,8.50,8.50,8.50,8.50,8.50,8.50,8.50,8.50,8.50,8.50,8.50,8.50,8.50,8.50,8.50,9.00,9.00,9.00,9.00,9.00,9.00
Colima,Colima,10.00,11.00,9.80,9.80,9.60,9.60,9.60,9.60,9.60,9.60,9.60,8.50,8.50,8.50,8.50,8.50,8.50,8.50,8.50,8.50,8.50,8.50,8.50,8.50,8.50,8.50,8.50,8.50,8.50,8.50,8.50,8.50,8.50,8.50,8.50,8.50,8.50,8.50,8.50,8.50,8.50,8.50,8.50,8.50,8.50,8.50,8.50,8.50,8.50,8.50,8.50,8.50,8.50,8.50,8.50,8.50,8.50,8.50,8.50,8.50,8.50,8.50,8.50,8.50,8.50,8.50,8.50,8.50,8.50,8.50,8.50,8.50,8.50,8.50,8.50,8.50,8.50,8.50,8.50,8.50,8.50,8.50,8.50,8.50,8.50,8.50,8.50,8.50,8.50,8.50,8.50,8.50,8.50,8.50,8.50,8.50,8.50,8.50,8.50,8.50,8.50,8.50,8.50,8.50,8.50,8.50,8.50,8.50,8.50,8.50,8.50,8.50,8.50,8.50,8.50,8.50,8.50,8.50,8.50,8.50,8.50,8.50,8.50,8.50,8.50,8.50,8.50,8.50,8.50,8.50,8.50,8.50,8.50,8.50,8.50,8.50,8.50,8.50,8.50,8.50,8.50,8.50,8.50,8.50,8.50,8.50,8.50,8.50,8.50,8.50,8.50,8.50,8.50,9.00,9.00,9.00,9.00,9.00,9.00
Chiapas,Tapachula,,,,,,,,,,,,7.50,7.67,7.67,7.67,7.67,7.67,7.50,7.33,7.33,7.33,7.33,7.33,7.33,7.33,7.33,7.33,7.33,7.33,8.00,8.00,8.00,8.00,8.00,8.00,8.00,8.00,8.00,8.00,8.00,8.00,8.00,8.00,8.00,8.00,8.00,8.00,8.00,8.00,8.00,8.00,8.00,8.00,8.00,8.00,8.00,8.00,8.00,8.00,8.00,8.00,8.00,8.00,8.00,8.00,8.00,8.00,8.00,8.00,8.00,8.00,8.00,8.00,8.00,8.00,8.00,8.00,8.00,8.00,8.00,8.00,8.00,8.00,8.00,8.00,8.00,8.00,8.00,8.00,8.00,8.00,8.00,8.00,8.00,8.00,8.00,8.00,8.00,8.00,8.00,8.00,8.00,8.00,8.00,8.00,8.00,8.00,8.00,8.00,8.00,8.00,8.00,8.00,8.00,8.00,8.00,8.00,8.00,8.00,8.00,8.00,8.00,8.00,8.00,8.00,8.00,8.00,8.00,8.00,8.00,8.00,8.00,8.00,8.00,8.00,8.00,8.00,8.00,8.00,8.00,8.00,8.00,8.00,8.00,8.00,8.00,8.00,8.00,8.00,8.00,8.00,8.00,8.00,8.00,8.00,8.00,8.00,8.00,8.00
,Tuxtla Gutiérrez,9.20,9.20,9.20,9.20,9.20,9.20,9.20,9.20,9.00,9.00,9.00,9.00,9.00,9.00,8.00,8.00,8.00,8.00,8.00,8.00,8.00,8.00,8.00,8.00,8.00,8.00,8.00,8.00,8.00,8.00,8.00,8.00,8.00,8.00,8.00,8.00,8.00,8.00,8.00,8.00,8.00,8.00,8.00,8.00,8.00,8.00,8.00,8.08,8.08,8.08,8.08,8.08,8.08,8.08,8.08,8.08,8.08,8.08,8.08,8.08,8.08,8.08,8.08,8.08,8.08,8.08,8.08,8.08,8.08,8.08,8.08,8.08,8.08,8.08,8.08,8.08,8.08,8.08,8.08,8.08,8.08,8.08,8.08,8.08,8.08,8.08,8.08,8.08,8.08,8.08,8.08,8.08,8.08,8.10,8.08,8.08,8.00,8.08,8.08,8.08,8.08,8.08,8.08,8.08,8.08,8.08,8.08,8.08,8.08,8.08,8.08,8.08,8.08,8.08,8.08,8.25,8.25,8.25,8.25,8.25,8.50,8.50,8.50,8.50,8.58,8.50,8.50,8.50,8.50,8.50,8.50,8.50,8.50,8.50,8.50,8.50,8.50,8.50,8.50,8.50,8.50,8.50,8.50,8.50,8.50,8.50,8.50,8.50,8.50,8.50,8.58,8.58,8.58,8.58,8.67,8.58,8.58,8.58,8.58
Chiapas,Chiapas,9.20,9.20,9.20,9.20,9.20,9.20,9.20,9.20,9.00,9.00,9.00,8.25,8.34,8.34,7.84,7.84,7.84,7.75,7.67,7.67,7.67,7.67,7.67,7.67,7.67,7.67,7.67,7.67,7.67,8.00,8.00,8.00,8.00,8.00,8.00,8.00,8.00,8.00,8.00,8.00,8.00,8.00,8.00,8.00,8.00,8.00,8.00,8.04,8.04,8.04,8.04,8.04,8.04,8.04,8.04,8.04,8.04,8.04,8.04,8.04,8.04,8.04,8.04,8.04,8.04,8.04,8.04,8.04,8.04,8.04,8.04,8.04,8.04,8.04,8.04,8.04,8.04,8.04,8.04,8.04,8.04,8.04,8.04,8.04,8.04,8.04,8.04,8.04,8.04,8.04,8.04,8.04,8.04,8.05,8.04,8.04,8.00,8.04,8.04,8.04,8.04,8.04,8.04,8.04,8.04,8.04,8.04,8.04,8.04,8.04,8.04,8.04,8.04,8.04,8.04,8.13,8.13,8.13,8.13,8.13,8.25,8.25,8.25,8.25,8.29,8.25,8.25,8.25,8.25,8.25,8.25,8.25,8.25,8.25,8.25,8.25,8.25,8.25,8.25,8.25,8.25,8.25,8.25,8.25,8.25,8.25,8.25,8.25,8.25,8.25,8.29,8.29,8.29,8.29,8.34,8.29,8.29,8.29,8.29
Chihuahua,Chihuahua,10.00,10.00,10.00,9.80,9.80,9.80,9.80,9.50,9.50,9.50,9.50,9.50,9.50,9.50,9.50,9.50,9.00,9.00,9.00,9.00,9.00,9.00,9.00,9.00,9.00,9.00,9.00,9.00,9.00,9.00,9.00,9.00,9.00,9.00,9.00,9.00,9.00,9.00,9.00,9.00,9.00,9.00,9.00,9.00,9.00,9.00,9.00,9.00,9.00,9.00,9.00,9.00,9.00,9.00,9.00,9.00,9.00,9.00,9.00,9.00,9.00,9.00,9.00,9.00,9.00,9.00,9.00,9.00,9.00,9.00,9.00,9.00,9.00,9.00,9.00,9.00,9.00,9.00,9.00,9.00,9.00,9.00,9.00,9.00,9.00,9.00,9.00,9.00,9.00,9.00,9.00,9.00,9.00,9.00,9.00,9.00,9.00,9.00,9.00,9.00,9.00,9.00,9.00,9.00,9.00,9.00,9.00,9.00,9.00,9.00,9.00,9.00,9.00,9.00,9.00,9.00,9.00,9.00,9.00,9.00,9.00,9.00,9.00,9.00,9.00,9.00,9.00,9.00,9.00,9.00,9.00,9.00,9.00,9.00,9.00,9.00,9.00,9.00,9.00,9.00,9.00,9.00,8.50,9.00,9.00,9.00,9.00,9.00,9.00,9.00,9.00,9.00,9.00,9.00,9.00,9.00,9.00,9.00,9.00
,Cd. Juárez,,,,,,,,,,,,8.63,8.63,8.63,8.63,8.63,8.50,8.50,8.50,8.50,8.50,8.50,8.50,8.50,8.50,8.63,8.63,8.38,8.38,8.38,8.38,8.38,8.38,8.44,8.44,8.44,8.44,8.44,8.44,8.44,8.44,8.44,8.44,8.48,8.44,8.44,8.75,8.75,8.75,8.44,8.44,8.44,8.44,8.44,8.44,8.44,8.44,8.44,8.44,8.44,8.44,8.44,8.44,8.44,8.44,8.44,8.44,8.44,8.25,8.44,8.44,8.44,8.44,8.44,8.44,8.19,8.19,8.44,8.44,8.44,8.44,8.44,8.44,8.44,8.44,8.44,8.44,8.44,8.44,8.44,8.44,8.44,8.44,8.44,8.44,8.44,8.44,8.44,8.44,8.44,8.44,8.44,8.44,8.44,8.44,8.44,8.44,8.44,8.44,8.44,8.44,8.44,8.44,8.44,8.44,8.44,8.44,8.44,8.44,8.44,8.44,8.44,8.44,8.44,8.44,8.44,8.44,8.44,8.44,8.44,8.44,8.44,8.44,8.38,8.44,8.44,8.44,8.44,8.44,8.44,8.44,8.44,8.44,8.44,8.44,8.44,8.44,8.44,8.44,8.44,8.44,8.44,8.44,8.44,8.44,8.44,8.44,8.44,8.44
Chihuahua,Chihuahua,10.00,10.00,10.00,9.80,9.80,9.80,9.80,9.50,9.50,9.50,9.50,9.07,9.07,9.07,9.07,9.07,8.75,8.75,8.75,8.75,8.75,8.75,8.75,8.75,8.75,8.82,8.82,8.69,8.69,8.69,8.69,8.69,8.69,8.72,8.72,8.72,8.72,8.72,8.72,8.72,8.72,8.72,8.72,8.74,8.72,8.72,8.88,8.88,8.88,8.72,8.72,8.72,8.72,8.72,8.72,8.72,8.72,8.72,8.72,8.72,8.72,8.72,8.72,8.72,8.72,8.72,8.72,8.72,8.63,8.72,8.72,8.72,8.72,8.72,8.72,8.60,8.60,8.72,8.72,8.72,8.72,8.72,8.72,8.72,8.72,8.72,8.72,8.72,8.72,8.72,8.72,8.72,8.72,8.72,8.72,8.72,8.72,8.72,8.72,8.72,8.72,8.72,8.72,8.72,8.72,8.72,8.72,8.72,8.72,8.72,8.72,8.72,8.72,8.72,8.72,8.72,8.72,8.72,8.72,8.72,8.72,8.72,8.72,8.72,8.72,8.72,8.72,8.72,8.72,8.72,8.72,8.72,8.72,8.69,8.72,8.72,8.72,8.72,8.72,8.72,8.72,8.72,8.47,8.72,8.72,8.72,8.72,8.72,8.72,8.72,8.72,8.72,8.72,8.72,8.72,8.72,8.72,8.72,8.72
D.F.,D.F.,8.33,9.20,9.20,9.20,9.60,9.60,8.40,8.40,8.40,8.40,8.40,8.34,8.35,8.40,8.39,8.36,8.35,8.35,8.35,8.34,8.34,8.35,8.35,8.34,8.34,8.34,8.34,8.34,8.34,8.36,8.36,8.36,8.36,8.36,8.36,8.36,8.36,8.36,8.36,8.36,8.36,8.36,8.36,8.36,8.36,8.36,8.36,8.36,8.36,8.36,8.36,8.36,8.36,8.36,8.36,8.36,8.36,8.36,8.36,8.36,8.36,8.36,8.36,8.36,8.36,8.36,8.36,8.36,8.36,8.36,8.36,8.36,8.36,8.36,8.36,8.36,8.36,8.36,8.36,8.36,8.36,8.36,8.36,8.36,8.36,8.36,8.36,8.36,8.36,8.36,8.36,8.36,8.36,8.36,8.36,8.36,8.36,8.36,8.36,8.36,8.36,8.36,8.36,8.36,8.36,8.36,8.36,8.36,8.36,8.36,8.36,8.36,8.36,8.36,8.36,8.36,8.36,8.36,8.36,8.36,8.36,8.36,8.36,8.36,8.36,8.36,8.36,8.36,8.36,8.36,8.36,8.36,8.36,8.36,8.36,8.36,8.36,8.36,8.36,8.36,8.36,8.36,8.36,8.36,8.36,8.36,8.36,8.36,8.36,8.36,8.36,8.36,8.36,8.36,8.36,8.36,8.36,8.36,8.36
,ZM D.F.,7.67,,7.33,7.60,7.80,7.80,7.80,7.80,7.80,7.90,7.90,8.40,8.17,8.17,8.19,8.19,8.19,8.19,8.19,8.19,8.19,8.19,8.19,8.18,8.18,8.16,8.18,8.17,8.17,8.17,8.17,8.17,8.17,8.16,8.16,8.16,8.16,8.16,8.14,8.14,8.14,8.14,8.14,8.14,8.14,8.14,8.14,8.14,8.14,8.14,8.14,8.14,8.14,8.14,8.14,8.14,8.14,8.14,8.14,8.14,8.14,8.14,8.14,8.14,8.14,8.14,8.14,8.14,8.14,8.14,8.14,8.14,8.14,8.14,8.14,8.14,8.14,8.14,8.14,8.14,8.14,8.14,8.14,8.14,8.14,8.14,8.14,8.14,8.14,8.14,8.14,8.14,8.14,8.14,8.14,8.14,8.14,8.14,8.14,8.14,8.14,8.13,8.13,8.13,8.13,8.13,8.13,8.13,8.13,8.13,8.13,8.13,8.13,8.13,8.13,8.13,8.13,8.13,8.13,8.13,8.13,8.13,8.13,8.13,8.13,8.13,8.13,8.13,8.13,8.13,8.13,8.13,8.13,8.13,8.13,8.13,8.13,8.13,8.13,8.13,8.13,8.13,8.13,8.13,8.13,8.13,8.13,8.13,8.13,8.13,8.13,8.13,8.13,8.13,8.13,8.13,8.13,8.13,8.13
D.F.,D.F.,8.00,9.20,8.27,8.40,8.70,8.70,8.10,8.10,8.10,8.15,8.15,8.37,8.26,8.29,8.29,8.28,8.27,8.27,8.27,8.27,8.27,8.27,8.27,8.26,8.26,8.25,8.26,8.26,8.26,8.27,8.27,8.27,8.27,8.26,8.26,8.26,8.26,8.26,8.25,8.25,8.25,8.25,8.25,8.25,8.25,8.25,8.25,8.25,8.25,8.25,8.25,8.25,8.25,8.25,8.25,8.25,8.25,8.25,8.25,8.25,8.25,8.25,8.25,8.25,8.25,8.25,8.25,8.25,8.25,8.25,8.25,8.25,8.25,8.25,8.25,8.25,8.25,8.25,8.25,8.25,8.25,8.25,8.25,8.25,8.25,8.25,8.25,8.25,8.25,8.25,8.25,8.25,8.25,8.25,8.25,8.25,8.25,8.25,8.25,8.25,8.25,8.25,8.25,8.25,8.25,8.25,8.25,8.25,8.25,8.25,8.25,8.25,8.25,8.25,8.25,8.25,8.25,8.25,8.25,8.25,8.25,8.25,8.25,8.25,8.25,8.25,8.25,8.25,8.25,8.25,8.25,8.25,8.25,8.25,8.25,8.25,8.25,8.25,8.25,8.25,8.25,8.25,8.25,8.25,8.25,8.25,8.25,8.25,8.25,8.25,8.25,8.25,8.25,8.25,8.25,8.25,8.25,8.25,8.25
Durango,Durango,7.10,7.50,7.50,7.50,7.50,7.50,7.40,7.90,7.90,7.90,7.50,7.50,7.50,7.50,7.50,7.50,7.50,7.50,7.50,7.50,7.13,7.13,7.13,7.13,7.13,7.50,7.50,7.13,7.13,7.13,7.13,7.13,7.13,7.13,7.13,7.13,7.13,7.13,7.13,7.13,7.13,7.13,7.13,7.13,7.13,7.13,7.13,7.13,7.13,7.13,7.13,7.13,7.13,7.13,7.13,7.13,7.13,7.13,7.13,7.13,7.13,7.13,7.50,7.50,7.50,7.50,7.13,7.13,7.13,7.13,7.13,7.13,7.13,7.13,7.13,7.13,7.13,7.13,7.13,7.13,7.13,7.13,7.13,7.13,7.13,7.13,7.13,7.13,7.13,7.13,7.13,7.13,7.13,7.13,7.13,7.13,7.13,7.13,7.13,7.13,7.13,7.13,7.13,7.13,7.13,7.13,7.13,7.13,7.13,7.13,7.13,7.13,7.13,7.13,7.13,7.13,7.13,7.13,7.13,7.13,7.13,7.13,7.13,7.13,7.13,7.13,7.13,7.13,7.13,7.13,7.13,7.13,7.13,7.13,7.13,7.13,7.13,7.13,7.13,7.13,7.13,7.13,7.13,7.50,7.50,7.50,7.50,7.50,7.50,7.50,7.38,7.13,7.13,7.13,7.13,7.13,7.13,7.13,7.13
,Gómez Palacio,,,,,,,,,,,,8.75,8.75,8.75,8.75,8.25,8.50,8.50,8.50,8.50,8.50,8.50,8.50,8.50,8.50,8.50,8.50,8.50,8.50,8.50,8.50,8.50,8.50,8.50,8.50,8.50,8.50,8.50,8.50,8.50,8.50,8.50,8.50,8.50,8.50,8.50,8.50,8.50,8.50,8.50,8.50,8.50,8.50,8.50,8.50,8.50,8.50,8.50,8.50,8.50,8.50,8.50,8.50,8.50,8.50,8.50,8.50,8.50,8.50,8.50,8.50,8.50,8.50,8.50,8.50,8.50,8.50,8.50,8.50,8.50,8.50,8.50,8.50,8.50,8.50,8.50,8.50,8.50,8.50,8.50,8.50,8.50,8.50,8.50,8.50,8.50,8.50,8.50,8.50,8.50,8.50,8.50,8.50,8.50,8.50,8.50,8.50,8.50,8.50,8.50,8.50,8.50,8.50,8.50,8.50,8.50,8.50,8.50,8.50,8.50,8.50,8.50,8.50,8.50,8.50,8.50,8.50,8.50,8.50,8.50,8.50,8.50,8.50,8.50,8.50,8.50,8.50,8.50,8.50,8.50,8.50,8.50,8.50,8.50,8.50,8.50,8.50,8.50,8.50,8.50,8.50,8.50,8.75,8.75,8.75,8.75,8.75,8.75,8.75
Durango,Durango,7.10,7.50,7.50,7.50,7.50,7.50,7.40,7.90,7.90,7.90,7.50,8.13,8.13,8.13,8.13,7.88,8.00,8.00,8.00,8.00,7.82,7.82,7.82,7.82,7.82,8.00,8.00,7.82,7.82,7.82,7.82,7.82,7.82,7.82,7.82,7.82,7.82,7.82,7.82,7.82,7.82,7.82,7.82,7.82,7.82,7.82,7.82,7.82,7.82,7.82,7.82,7.82,7.82,7.82,7.82,7.82,7.82,7.82,7.82,7.82,7.82,7.82,8.00,8.00,8.00,8.00,7.82,7.82,7.82,7.82,7.82,7.82,7.82,7.82,7.82,7.82,7.82,7.82,7.82,7.82,7.82,7.82,7.82,7.82,7.82,7.82,7.82,7.82,7.82,7.82,7.82,7.82,7.82,7.82,7.82,7.82,7.82,7.82,7.82,7.82,7.82,7.82,7.82,7.82,7.82,7.82,7.82,7.82,7.82,7.82,7.82,7.82,7.82,7.82,7.82,7.82,7.82,7.82,7.82,7.82,7.82,7.82,7.82,7.82,7.82,7.82,7.82,7.82,7.82,7.82,7.82,7.82,7.82,7.82,7.82,7.82,7.82,7.82,7.82,7.82,7.82,7.82,7.82,8.00,8.00,8.00,8.00,8.00,8.00,8.00,7.94,7.82,7.94,7.94,7.94,7.94,7.94,7.94,7.94
Guanajuato,Irapuato,,,,,,,,,,,,8.33,8.25,8.25,8.25,8.38,8.50,8.33,8.33,8.25,8.25,8.25,8.25,8.25,8.38,8.38,8.38,8.38,8.38,8.38,8.38,8.38,8.38,8.38,8.38,8.38,8.38,8.38,8.38,8.38,8.38,8.38,8.38,8.38,8.38,8.38,8.38,8.13,8.13,8.13,8.13,8.13,8.13,8.13,8.13,8.13,8.13,8.13,8.13,8.13,8.13,8.13,8.13,8.13,8.13,8.13,8.13,8.13,8.13,8.13,8.13,8.13,8.13,8.13,8.13,8.13,8.13,8.13,8.13,8.13,8.13,8.13,8.13,8.13,8.13,8.17,8.13,8.13,8.13,8.13,8.13,8.13,8.13,8.13,8.13,8.13,8.13,8.13,8.13,8.13,8.13,8.13,8.13,8.13,8.13,8.13,8.13,8.13,8.13,8.13,8.13,8.13,8.13,8.13,8.13,8.13,8.13,8.13,8.13,8.13,8.13,8.13,8.13,8.13,8.13,8.13,8.13,8.13,8.13,8.13,8.13,8.13,8.13,8.13,8.13,8.13,8.13,8.13,8.13,8.13,8.13,8.13,8.13,8.13,8.13,8.13,8.13,8.13,8.00,8.00,8.00,8.00,8.00,8.00,8.00,8.00,8.00,8.00,8.00
,León,9.00,8.80,8.80,8.80,9.40,9.40,8.80,8.80,8.00,8.00,8.00,8.00,8.00,8.00,8.00,8.00,8.00,8.00,8.00,8.00,8.00,8.00,8.00,8.00,8.00,8.00,8.00,8.00,8.00,8.00,8.00,8.00,8.00,8.00,8.00,8.00,8.00,8.00,8.00,8.00,8.00,8.00,8.00,8.00,8.00,8.00,8.00,8.00,8.00,8.00,8.00,8.00,8.00,8.00,8.00,8.00,8.00,8.00,8.00,8.00,8.00,8.00,8.00,8.00,8.00,8.00,8.00,8.00,8.00,8.00,8.00,8.00,8.00,8.00,8.00,8.00,8.00,8.00,8.00,8.00,8.00,8.00,8.00,8.00,8.00,8.00,8.00,8.00,8.00,8.00,8.00,8.00,8.00,8.00,8.00,8.00,8.00,8.00,8.00,8.00,8.00,8.00,8.00,8.00,8.00,8.00,8.00,8.00,8.00,8.00,8.00,8.00,8.00,8.00,8.00,8.00,8.00,8.00,8.00,8.00,8.00,8.00,8.00,8.00,8.00,8.00,8.00,8.00,8.00,8.00,8.00,8.00,8.00,8.00,8.00,8.00,8.00,8.00,8.00,8.00,8.00,8.00,8.00,8.00,8.00,8.00,8.00,8.00,8.00,8.00,8.00,8.00,8.00,8.00,8.00,8.00,8.00,8.00,8.00
Guanajuato,Guanajuato,9.00,8.80,8.80,8.80,9.40,9.40,8.80,8.80,8.00,8.00,8.00,8.17,8.13,8.13,8.13,8.19,8.25,8.17,8.17,8.13,8.13,8.13,8.13,8.13,8.19,8.19,8.19,8.19,8.19,8.19,8.19,8.19,8.19,8.19,8.19,8.19,8.19,8.19,8.19,8.19,8.19,8.19,8.19,8.19,8.19,8.19,8.19,8.07,8.07,8.07,8.07,8.07,8.07,8.07,8.07,8.07,8.07,8.07,8.07,8.07,8.07,8.07,8.07,8.07,8.07,8.07,8.07,8.07,8.07,8.07,8.07,8.07,8.07,8.07,8.07,8.07,8.07,8.07,8.07,8.07,8.07,8.07,8.07,8.07,8.07,8.09,8.07,8.07,8.07,8.07,8.07,8.07,8.07,8.07,8.07,8.07,8.07,8.07,8.07,8.07,8.07,8.07,8.07,8.07,8.07,8.07,8.07,8.07,8.07,8.07,8.07,8.07,8.07,8.07,8.07,8.07,8.07,8.07,8.07,8.07,8.07,8.07,8.07,8.07,8.07,8.07,8.07,8.07,8.07,8.07,8.07,8.07,8.07,8.07,8.07,8.07,8.07,8.07,8.07,8.07,8.07,8.07,8.07,8.07,8.07,8.07,8.07,8.07,8.00,8.00,8.00,8.00,8.00,8.00,8.00,8.00,8.00,8.00,8.00
Guerrero,Acapulco,10.80,10.80,10.40,10.40,10.00,10.00,9.60,9.60,9.60,10.20,10.00,9.81,9.75,9.75,9.75,9.75,9.75,9.75,9.75,9.75,9.75,9.75,9.75,9.75,9.75,9.75,9.75,9.75,9.75,9.75,9.75,9.75,9.75,9.75,9.75,9.75,9.75,9.75,9.75,9.75,9.75,9.75,9.75,9.75,9.75,9.75,9.75,9.75,9.75,9.75,9.75,9.75,9.75,9.75,9.75,9.75,9.75,9.75,9.75,9.75,9.75,9.81,9.81,9.81,9.75,9.75,9.75,9.75,9.75,9.75,9.75,9.75,9.75,9.75,9.75,9.75,9.75,9.75,9.75,9.75,9.75,9.75,9.75,9.75,9.75,9.75,9.75,9.75,9.75,9.75,9.75,9.75,9.75,9.75,9.75,9.75,9.75,9.75,9.75,9.75,9.75,9.75,9.75,9.75,9.75,9.75,9.75,10.00,10.00,10.00,10.00,10.00,10.00,10.00,10.00,10.00,10.00,10.00,10.00,10.00,10.00,10.00,10.00,10.00,10.00,10.00,10.00,10.00,10.00,10.00,10.00,10.00,10.00,10.00,10.00,10.00,10.00,10.00,10.00,10.00,10.00,10.00,10.00,10.00,10.00,10.00,10.00,10.00,10.00,10.00,10.00,10.00,10.00,10.00,10.00,10.00,10.00,10.00,10.00
,Chilpancingo,,,,,,,,,,,,9.67,9.67,9.67,9.67,9.67,9.67,9.67,9.67,9.67,9.67,9.67,9.67,9.67,9.67,9.67,9.67,9.67,9.67,9.67,9.67,9.67,9.67,9.67,9.67,9.67,9.67,9.67,9.67,9.67,9.67,9.67,9.67,9.67,9.67,9.67,9.67,9.33,9.33,9.33,9.33,9.33,9.33,9.33,9.67,9.67,9.67,9.67,9.67,9.67,9.67,9.67,9.67,9.67,9.67,9.67,9.67,9.67,9.67,9.67,9.67,9.67,9.67,9.67,9.67,9.67,9.67,9.67,9.67,9.67,9.67,9.67,9.67,9.67,9.67,9.67,9.67,9.67,9.67,9.67,9.67,9.67,9.67,9.67,9.67,9.67,9.67,9.67,9.67,9.67,9.67,9.67,9.67,9.67,9.67,9.67,9.67,9.67,9.67,9.67,9.67,9.67,9.67,9.67,9.67,9.67,9.67,9.67,9.67,9.67,9.67,9.67,9.67,9.67,9.67,9.67,9.67,9.67,9.67,9.67,9.67,9.67,9.67,9.67,9.67,9.67,9.67,9.67,9.67,9.67,9.67,9.67,9.67,9.67,9.67,9.67,9.67,9.67,9.67,9.67,9.67,9.67,9.67,9.67,9.67,9.67,9.67,9.67,9.67
Guerrero,Guerrero,10.80,10.80,10.40,10.40,10.00,10.00,9.60,9.60,9.60,10.20,10.00,9.74,9.71,9.71,9.71,9.71,9.71,9.71,9.71,9.71,9.71,9.71,9.71,9.71,9.71,9.71,9.71,9.71,9.71,9.71,9.71,9.71,9.71,9.71,9.71,9.71,9.71,9.71,9.71,9.71,9.71,9.71,9.71,9.71,9.71,9.71,9.71,9.54,9.54,9.54,9.54,9.54,9.54,9.54,9.71,9.71,9.71,9.71,9.71,9.71,9.71,9.74,9.74,9.74,9.71,9.71,9.71,9.71,9.71,9.71,9.71,9.71,9.71,9.71,9.71,9.71,9.71,9.71,9.71,9.71,9.71,9.71,9.71,9.71,9.71,9.71,9.71,9.71,9.71,9.71,9.71,9.71,9.71,9.71,9.71,9.71,9.71,9.71,9.71,9.71,9.71,9.71,9.71,9.71,9.71,9.71,9.71,9.84,9.84,9.84,9.84,9.84,9.84,9.84,9.84,9.84,9.84,9.84,9.84,9.84,9.84,9.84,9.84,9.84,9.84,9.84,9.84,9.84,9.84,9.84,9.84,9.84,9.84,9.84,9.84,9.84,9.84,9.84,9.84,9.84,9.84,9.84,9.84,9.84,9.84,9.84,9.84,9.84,9.84,9.84,9.84,9.84,9.84,9.84,9.84,9.84,9.84,9.84,9.84
Hidalgo,Pachuca,9.00,9.00,9.00,9.00,9.00,9.00,9.00,9.00,8.80,8.50,8.50,8.50,8.50,8.50,8.50,8.50,8.50,8.50,8.50,8.50,8.50,8.50,8.50,8.50,8.50,8.50,8.50,8.50,8.50,8.50,8.50,8.50,8.50,8.50,8.50,8.50,8.50,8.50,8.50,8.50,8.50,8.50,8.50,8.50,8.50,8.50,8.50,8.50,8.50,8.50,8.50,8.50,8.50,8.50,8.50,8.50,8.50,8.50,8.50,8.50,8.50,8.50,8.50,8.50,8.50,8.50,8.50,8.50,8.50,8.50,8.50,8.50,8.50,8.50,8.50,8.50,8.50,8.50,8.50,8.50,8.50,8.50,8.50,8.50,8.50,8.50,8.50,8.50,8.50,8.50,8.50,8.50,8.50,8.50,8.50,8.50,8.50,8.50,8.50,8.50,8.50,8.50,8.50,8.50,8.50,8.50,8.50,8.50,8.50,8.50,8.50,8.50,8.50,8.50,8.50,8.50,8.50,8.50,8.50,8.50,8.50,8.50,8.50,8.50,8.50,8.50,8.50,8.50,8.50,8.50,8.50,8.50,8.50,8.50,8.50,8.50,8.50,8.50,8.50,8.50,8.50,8.50,8.50,8.50,8.50,8.50,8.50,8.50,8.50,8.50,8.50,8.50,8.50,8.50,8.50,8.50,8.50,8.50,8.50
Hidalgo,Hidalgo,9.00,9.00,9.00,9.00,9.00,9.00,9.00,9.00,8.80,8.50,8.50,8.50,8.50,8.50,8.50,8.50,8.50,8.50,8.50,8.50,8.50,8.50,8.50,8.50,8.50,8.50,8.50,8.50,8.50,8.50,8.50,8.50,8.50,8.50,8.50,8.50,8.50,8.50,8.50,8.50,8.50,8.50,8.50,8.50,8.50,8.50,8.50,8.50,8.50,8.50,8.50,8.50,8.50,8.50,8.50,8.50,8.50,8.50,8.50,8.50,8.50,8.50,8.50,8.50,8.50,8.50,8.50,8.50,8.50,8.50,8.50,8.50,8.50,8.50,8.50,8.50,8.50,8.50,8.50,8.50,8.50,8.50,8.50,8.50,8.50,8.50,8.50,8.50,8.50,8.50,8.50,8.50,8.50,8.50,8.50,8.50,8.50,8.50,8.50,8.50,8.50,8.50,8.50,8.50,8.50,8.50,8.50,8.50,8.50,8.50,8.50,8.50,8.50,8.50,8.50,8.50,8.50,8.50,8.50,8.50,8.50,8.50,8.50,8.50,8.50,8.50,8.50,8.50,8.50,8.50,8.50,8.50,8.50,8.50,8.50,8.50,8.50,8.50,8.50,8.50,8.50,8.50,8.50,8.50,8.50,8.50,8.50,8.50,8.50,8.50,8.50,8.50,8.50,8.50,8.50,8.50,8.50,8.50,8.50
Jalisco,Guadalajara,9.20,9.60,9.60,9.40,9.60,9.40,9.40,9.40,8.80,8.80,8.80,8.62,8.62,8.62,8.62,8.62,8.62,8.62,8.62,8.62,8.62,8.50,8.50,8.50,8.50,8.50,8.50,8.50,8.50,8.50,8.50,8.46,8.50,8.50,8.50,8.50,8.50,8.50,8.50,8.50,8.50,8.50,8.50,8.50,8.50,8.46,8.50,8.50,8.50,8.50,8.50,8.50,8.50,8.50,8.50,8.50,8.50,8.54,8.54,8.54,8.54,8.54,8.54,8.54,8.54,8.54,8.54,8.54,8.54,8.54,8.50,8.50,8.50,8.50,8.50,8.50,8.54,8.54,8.54,8.54,8.54,8.54,8.54,8.54,8.54,8.50,8.50,8.50,8.50,8.50,8.50,8.54,8.54,8.54,8.54,8.54,8.54,8.54,8.54,8.54,8.54,8.54,8.54,8.54,8.54,8.54,8.54,8.54,8.54,8.54,8.54,8.54,8.54,8.54,8.54,8.54,8.54,8.54,8.54,8.54,8.54,8.54,8.54,8.54,8.54,8.54,8.54,8.54,8.54,8.54,8.54,8.54,8.54,8.54,8.54,8.54,8.54,8.54,8.54,8.54,8.54,8.54,8.54,8.54,8.54,8.54,8.54,8.54,8.54,8.54,8.54,8.54,8.54,8.54,8.54,8.54,8.54,8.54,8.54
,ZM Guadalajara,,,,,,,,,,,,8.47,8.53,8.34,8.34,8.34,8.31,8.34,8.31,8.31,8.31,8.31,8.31,8.31,8.31,8.31,8.31,8.31,8.31,8.31,8.31,8.31,8.31,8.31,8.31,8.31,8.31,8.31,8.31,8.31,8.31,8.31,8.31,8.34,8.34,8.34,8.31,8.34,8.34,8.34,8.34,8.34,8.38,8.34,8.34,8.34,8.34,8.34,8.34,8.34,8.34,8.34,8.34,8.34,8.34,8.34,8.34,8.34,8.34,8.34,8.34,8.34,8.34,8.34,8.34,8.34,8.34,8.34,8.34,8.34,8.34,8.34,8.34,8.34,8.28,8.28,8.28,8.28,8.28,8.34,8.31,8.28,8.28,8.28,8.28,8.28,8.28,8.28,8.28,8.28,8.28,8.34,8.34,8.34,8.34,8.34,8.34,8.34,8.34,8.34,8.34,8.34,8.34,8.34,8.34,8.34,8.34,8.34,8.34,8.34,8.34,8.34,8.34,8.34,8.34,8.34,8.34,8.34,8.38,8.34,8.34,8.34,8.34,8.34,8.34,8.34,8.34,8.34,8.34,8.34,8.34,8.34,8.34,8.34,8.34,8.34,8.34,8.34,8.34,8.34,8.34,8.34,8.34,8.34,8.34,8.34,8.34,8.34,8.34
Jalisco,Jalisco,9.20,9.60,9.60,9.40,9.60,9.40,9.40,9.40,8.80,8.80,8.80,8.55,8.58,8.48,8.48,8.48,8.47,8.48,8.47,8.47,8.47,8.41,8.41,8.41,8.41,8.41,8.41,8.41,8.41,8.41,8.41,8.39,8.41,8.41,8.41,8.41,8.41,8.41,8.41,8.41,8.41,8.41,8.41,8.42,8.42,8.40,8.41,8.42,8.42,8.42,8.42,8.42,8.44,8.42,8.42,8.42,8.42,8.44,8.44,8.44,8.44,8.44,8.44,8.44,8.44,8.44,8.44,8.44,8.44,8.44,8.42,8.42,8.42,8.42,8.42,8.42,8.44,8.44,8.44,8.44,8.44,8.44,8.44,8.44,8.41,8.39,8.39,8.39,8.39,8.42,8.41,8.41,8.41,8.41,8.41,8.41,8.41,8.41,8.41,8.41,8.41,8.44,8.44,8.44,8.44,8.44,8.44,8.44,8.44,8.44,8.44,8.44,8.44,8.44,8.44,8.44,8.44,8.44,8.44,8.44,8.44,8.44,8.44,8.44,8.44,8.44,8.44,8.44,8.46,8.44,8.44,8.44,8.44,8.44,8.44,8.44,8.44,8.44,8.44,8.44,8.44,8.44,8.44,8.44,8.44,8.44,8.44,8.44,8.44,8.44,8.44,8.44,8.44,8.44,8.44,8.44,8.44,8.44,8.44
Edo. México,Toluca,8.10,8.30,8.30,8.30,8.30,8.30,8.40,8.40,8.20,8.20,8.20,8.29,8.29,8.29,8.29,8.29,8.29,8.29,8.29,8.29,8.29,8.29,8.29,8.29,8.29,8.29,8.29,8.29,8.29,8.29,8.29,8.29,8.29,8.29,8.29,8.29,8.29,8.29,8.29,8.29,8.29,8.29,8.29,8.29,8.29,8.29,8.29,8.29,8.21,8.29,8.29,8.29,8.29,8.29,8.29,8.29,8.29,8.29,8.29,8.29,8.29,8.29,8.21,8.29,8.29,8.29,8.29,8.29,8.21,8.29,8.29,8.29,8.29,8.29,8.29,8.29,8.29,8.29,8.29,8.29,8.29,8.29,8.29,8.29,8.29,8.29,8.36,8.29,8.29,8.29,8.29,8.29,8.29,8.36,8.29,8.29,8.25,8.25,8.25,8.25,8.25,8.29,8.29,8.29,8.29,8.29,8.29,8.29,8.29,8.29,8.29,8.29,8.29,8.29,8.29,8.29,8.29,8.29,8.29,8.29,8.29,8.29,8.29,8.29,8.29,8.29,8.29,8.29,8.29,8.29,8.29,8.29,8.29,8.29,8.29,8.29,8.29,8.29,8.29,8.29,8.29,8.29,8.29,8.29,8.29,8.29,8.29,8.29,8.29,8.29,8.29,8.29,8.29,8.29,8.29,8.29,8.29,8.29,8.29
Edo. México,Edo. México,8.10,8.30,8.30,8.30,8.30,8.30,8.40,8.40,8.20,8.20,8.20,8.29,8.29,8.29,8.29,8.29,8.29,8.29,8.29,8.29,8.29,8.29,8.29,8.29,8.29,8.29,8.29,8.29,8.29,8.29,8.29,8.29,8.29,8.29,8.29,8.29,8.29,8.29,8.29,8.29,8.29,8.29,8.29,8.29,8.29,8.29,8.29,8.29,8.21,8.29,8.29,8.29,8.29,8.29,8.29,8.29,8.29,8.29,8.29,8.29,8.29,8.29,8.21,8.29,8.29,8.29,8.29,8.29,8.21,8.29,8.29,8.29,8.29,8.29,8.29,8.29,8.29,8.29,8.29,8.29,8.29,8.29,8.29,8.29,8.29,8.29,8.36,8.29,8.29,8.29,8.29,8.29,8.29,8.36,8.29,8.29,8.25,8.25,8.25,8.25,8.25,8.29,8.29,8.29,8.29,8.29,8.29,8.29,8.29,8.29,8.29,8.29,8.29,8.29,8.29,8.29,8.29,8.29,8.29,8.29,8.29,8.29,8.29,8.29,8.29,8.29,8.29,8.29,8.29,8.29,8.29,8.29,8.29,8.29,8.29,8.29,8.29,8.29,8.29,8.29,8.29,8.29,8.29,8.29,8.29,8.29,8.29,8.29,8.29,8.29,8.29,8.29,8.29,8.29,8.29,8.29,8.29,8.29,8.29
Michoacán,Morelia,8.00,8.00,8.00,8.20,8.20,8.00,8.00,8.60,8.50,8.50,8.40,8.40,8.71,8.71,8.71,8.71,8.71,8.71,8.71,8.71,8.36,8.36,8.36,8.36,8.36,8.36,8.36,8.43,8.43,8.43,8.43,8.43,8.43,8.43,8.43,8.43,8.43,8.43,8.43,8.43,8.43,8.43,8.43,8.43,8.43,8.43,8.43,8.43,8.43,8.43,8.43,8.43,8.50,8.43,8.43,8.43,8.43,8.43,8.43,8.43,8.43,8.43,8.43,8.43,8.43,8.43,8.43,8.43,8.43,8.43,8.43,8.43,8.43,8.43,8.43,8.43,8.43,8.43,8.43,8.43,8.43,8.43,8.43,8.43,8.43,8.43,8.43,8.43,8.43,8.43,8.50,8.43,8.43,8.50,8.43,8.43,8.43,8.43,8.43,8.43,8.43,8.43,8.43,8.43,8.43,8.43,8.43,8.43,8.43,8.43,8.43,8.43,8.43,8.43,8.43,8.43,8.43,8.43,8.43,8.43,8.43,8.43,8.43,8.43,8.43,8.43,8.43,8.43,8.43,8.43,8.43,8.43,8.43,8.43,8.43,8.43,8.43,8.43,8.43,8.43,8.43,8.43,8.43,8.43,8.43,8.50,8.50,8.50,8.50,8.50,8.50,8.50,8.50,8.50,8.50,8.50,8.50,8.50,8.50
Michoacán,Michoacán,8.00,8.00,8.00,8.20,8.20,8.00,8.00,8.60,8.50,8.50,8.40,8.40,8.71,8.71,8.71,8.71,8.71,8.71,8.71,8.71,8.36,8.36,8.36,8.36,8.36,8.36,8.36,8.43,8.43,8.43,8.43,8.43,8.43,8.43,8.43,8.43,8.43,8.43,8.43,8.43,8.43,8.43,8.43,8.43,8.43,8.43,8.43,8.43,8.43,8.43,8.43,8.43,8.50,8.43,8.43,8.43,8.43,8.43,8.43,8.43,8.43,8.43,8.43,8.43,8.43,8.43,8.43,8.43,8.43,8.43,8.43,8.43,8.43,8.43,8.43,8.43,8.43,8.43,8.43,8.43,8.43,8.43,8.43,8.43,8.43,8.43,8.43,8.43,8.43,8.43,8.50,8.43,8.43,8.50,8.43,8.43,8.43,8.43,8.43,8.43,8.43,8.43,8.43,8.43,8.43,8.43,8.43,8.43,8.43,8.43,8.43,8.43,8.43,8.43,8.43,8.43,8.43,8.43,8.43,8.43,8.43,8.43,8.43,8.43,8.43,8.43,8.43,8.43,8.43,8.43,8.43,8.43,8.43,8.43,8.43,8.43,8.43,8.43,8.43,8.43,8.43,8.43,8.43,8.43,8.43,8.50,8.50,8.50,8.50,8.50,8.50,8.50,8.50,8.50,8.50,8.50,8.50,8.50,8.50
Morelos,Cuernavaca,10.40,10.50,10.75,10.60,10.60,10.60,10.60,10.60,10.60,10.60,10.60,11.00,11.00,11.00,11.00,10.17,10.17,10.17,10.17,10.17,9.83,9.83,9.83,9.83,9.83,9.83,9.83,9.83,9.83,9.83,9.83,9.83,9.83,9.83,9.83,9.83,9.83,9.83,9.83,9.83,9.83,9.83,9.83,9.83,9.83,9.83,9.83,9.83,9.83,9.83,9.83,9.83,9.83,9.83,9.83,9.83,9.83,9.83,9.83,9.83,9.83,9.83,9.83,9.83,9.83,9.83,9.83,9.83,9.83,9.83,9.83,9.83,9.83,9.83,9.83,9.83,9.83,9.83,9.83,9.83,9.83,9.83,9.83,9.83,9.83,9.83,9.83,9.83,9.83,9.83,9.83,9.83,9.83,9.83,9.83,9.83,9.83,9.83,9.83,9.83,9.83,9.83,9.83,9.83,9.83,9.83,9.83,9.83,9.83,9.83,9.83,9.83,9.83,9.83,9.83,9.83,9.83,9.83,9.83,9.83,9.83,9.83,9.83,9.83,9.83,9.83,9.83,9.83,9.83,9.83,9.83,9.83,9.83,9.83,9.83,9.83,9.83,9.83,9.83,9.83,9.83,9.83,9.83,9.83,9.83,9.83,9.83,9.83,9.83,9.83,9.83,9.83,9.83,9.83,9.83,9.83,9.83,9.83,9.83
Morelos,Morelos,10.40,10.50,10.75,10.60,10.60,10.60,10.60,10.60,10.60,10.60,10.60,11.00,11.00,11.00,11.00,10.17,10.17,10.17,10.17,10.17,9.83,9.83,9.83,9.83,9.83,9.83,9.83,9.83,9.83,9.83,9.83,9.83,9.83,9.83,9.83,9.83,9.83,9.83,9.83,9.83,9.83,9.83,9.83,9.83,9.83,9.83,9.83,9.83,9.83,9.83,9.83,9.83,9.83,9.83,9.83,9.83,9.83,9.83,9.83,9.83,9.83,9.83,9.83,9.83,9.83,9.83,9.83,9.83,9.83,9.83,9.83,9.83,9.83,9.83,9.83,9.83,9.83,9.83,9.83,9.83,9.83,9.83,9.83,9.83,9.83,9.83,9.83,9.83,9.83,9.83,9.83,9.83,9.83,9.83,9.83,9.83,9.83,9.83,9.83,9.83,9.83,9.83,9.83,9.83,9.83,9.83,9.83,9.83,9.83,9.83,9.83,9.83,9.83,9.83,9.83,9.83,9.83,9.83,9.83,9.83,9.83,9.83,9.83,9.83,9.83,9.83,9.83,9.83,9.83,9.83,9.83,9.83,9.83,9.83,9.83,9.83,9.83,9.83,9.83,9.83,9.83,9.83,9.83,9.83,9.83,9.83,9.83,9.83,9.83,9.83,9.83,9.83,9.83,9.83,9.83,9.83,9.83,9.83,9.83
Nayarit,Tepic,10.00,10.00,10.00,10.00,10.00,10.00,10.00,10.00,10.00,8.50,8.50,8.50,8.50,8.50,8.50,8.50,8.50,8.50,8.50,8.50,8.50,8.50,8.50,8.50,8.50,8.50,8.50,8.50,8.50,8.50,8.50,8.50,8.50,8.50,8.50,8.50,8.50,8.50,8.50,8.50,8.50,8.50,8.50,8.50,8.50,8.50,8.50,8.50,8.50,8.50,8.50,8.50,8.50,8.50,8.50,8.50,8.50,8.50,8.50,8.50,8.50,8.50,8.50,8.50,8.50,8.50,8.50,8.50,8.50,8.50,8.50,8.50,8.50,8.50,8.50,8.50,8.50,8.50,8.50,8.50,8.50,8.50,8.50,8.50,8.50,8.50,8.50,8.50,8.50,8.50,8.50,8.50,8.50,8.50,8.50,8.50,8.50,8.50,8.50,8.50,8.50,8.50,8.50,8.50,8.50,8.50,8.50,8.50,8.50,8.50,8.50,8.50,8.50,8.50,8.50,8.50,8.50,8.50,8.50,8.50,8.50,8.50,8.50,8.50,8.50,8.50,8.50,8.50,8.50,8.50,8.50,8.50,8.50,8.50,8.50,8.50,8.50,8.50,8.50,8.50,8.50,8.50,8.50,8.50,8.50,8.50,8.50,8.50,8.50,8.50,8.50,8.50,8.50,8.50,8.50,8.50,8.50,8.50,8.50
Nayarit,Nayarit,10.00,10.00,10.00,10.00,10.00,10.00,10.00,10.00,10.00,8.50,8.50,8.50,8.50,8.50,8.50,8.50,8.50,8.50,8.50,8.50,8.50,8.50,8.50,8.50,8.50,8.50,8.50,8.50,8.50,8.50,8.50,8.50,8.50,8.50,8.50,8.50,8.50,8.50,8.50,8.50,8.50,8.50,8.50,8.50,8.50,8.50,8.50,8.50,8.50,8.50,8.50,8.50,8.50,8.50,8.50,8.50,8.50,8.50,8.50,8.50,8.50,8.50,8.50,8.50,8.50,8.50,8.50,8.50,8.50,8.50,8.50,8.50,8.50,8.50,8.50,8.50,8.50,8.50,8.50,8.50,8.50,8.50,8.50,8.50,8.50,8.50,8.50,8.50,8.50,8.50,8.50,8.50,8.50,8.50,8.50,8.50,8.50,8.50,8.50,8.50,8.50,8.50,8.50,8.50,8.50,8.50,8.50,8.50,8.50,8.50,8.50,8.50,8.50,8.50,8.50,8.50,8.50,8.50,8.50,8.50,8.50,8.50,8.50,8.50,8.50,8.50,8.50,8.50,8.50,8.50,8.50,8.50,8.50,8.50,8.50,8.50,8.50,8.50,8.50,8.50,8.50,8.50,8.50,8.50,8.50,8.50,8.50,8.50,8.50,8.50,8.50,8.50,8.50,8.50,8.50,8.50,8.50,8.50,8.50
Nuevo León,Monterrey,9.80,9.70,9.70,9.70,9.70,9.70,9.70,10.00,9.40,9.40,9.30,9.29,9.07,8.79,8.50,8.50,8.71,8.50,8.50,8.50,8.50,8.50,8.50,8.50,8.50,8.50,8.50,8.50,8.50,8.50,8.50,8.50,8.50,8.50,8.50,8.50,8.50,8.50,8.50,8.50,8.50,8.50,8.50,8.50,8.50,8.50,8.50,8.50,8.50,8.50,8.50,8.50,8.50,8.50,8.50,8.50,8.50,8.50,8.50,8.50,8.50,8.50,8.50,8.50,8.50,8.50,8.50,8.50,8.50,8.50,8.50,8.50,8.50,8.50,8.50,8.50,8.50,8.50,8.50,8.50,8.50,8.50,8.50,8.50,8.50,8.50,8.50,8.50,8.50,8.50,8.50,8.50,8.50,8.50,8.50,8.50,8.50,8.50,8.50,8.50,8.50,8.50,8.50,8.50,8.50,8.50,8.50,8.50,8.50,8.50,8.50,8.50,8.50,8.50,8.50,8.50,8.50,8.50,8.50,8.50,8.50,8.50,8.50,8.50,8.50,8.50,8.50,8.50,8.50,8.50,8.50,8.50,8.50,8.50,8.50,8.50,8.50,8.50,8.50,8.50,8.50,8.50,8.50,8.50,8.50,8.50,8.50,8.50,8.50,8.50,8.50,8.50,8.50,8.50,8.50,8.50,8.50,8.50,8.50
,ZM Monterrey,,,,,,,,,,,,8.97,8.93,8.90,8.67,8.70,8.70,8.70,8.70,8.60,8.50,8.50,8.50,8.50,8.50,8.50,8.50,8.50,8.50,8.50,8.50,8.50,8.50,8.50,8.50,8.50,8.50,8.50,8.50,8.50,8.50,8.50,8.50,8.50,8.50,8.50,8.50,8.50,8.50,8.50,8.50,8.50,8.50,8.50,8.50,8.50,8.50,8.50,8.50,8.50,8.50,8.50,8.50,8.50,8.50,8.50,8.50,8.50,8.50,8.50,8.50,8.50,8.50,8.50,8.50,8.50,8.50,8.50,8.50,8.50,8.50,8.50,8.50,8.50,8.50,8.50,8.50,8.50,8.50,8.50,8.50,8.50,8.50,8.50,8.50,8.50,8.50,8.50,8.50,8.50,8.50,8.50,8.50,8.50,8.50,8.50,8.50,8.50,8.50,8.50,8.50,8.50,8.50,8.50,8.50,8.50,8.50,8.50,8.50,8.50,8.50,8.50,8.50,8.50,8.50,8.50,8.50,8.50,8.50,8.50,8.50,8.50,8.50,8.50,8.50,8.50,8.50,8.50,8.50,8.50,8.50,8.50,8.50,8.50,8.50,8.50,8.50,8.50,8.50,8.50,8.50,8.50,8.50,8.50,8.50,8.50,8.57,8.57,8.57
Nuevo León,Nuevo León,9.80,9.70,9.70,9.70,9.70,9.70,9.70,10.00,9.40,9.40,9.30,9.13,9.00,8.85,8.59,8.60,8.71,8.60,8.60,8.55,8.50,8.50,8.50,8.50,8.50,8.50,8.50,8.50,8.50,8.50,8.50,8.50,8.50,8.50,8.50,8.50,8.50,8.50,8.50,8.50,8.50,8.50,8.50,8.50,8.50,8.50,8.50,8.50,8.50,8.50,8.50,8.50,8.50,8.50,8.50,8.50,8.50,8.50,8.50,8.50,8.50,8.50,8.50,8.50,8.50,8.50,8.50,8.50,8.50,8.50,8.50,8.50,8.50,8.50,8.50,8.50,8.50,8.50,8.50,8.50,8.50,8.50,8.50,8.50,8.50,8.50,8.50,8.50,8.50,8.50,8.50,8.50,8.50,8.50,8.50,8.50,8.50,8.50,8.50,8.50,8.50,8.50,8.50,8.50,8.50,8.50,8.50,8.50,8.50,8.50,8.50,8.50,8.50,8.50,8.50,8.50,8.50,8.50,8.50,8.50,8.50,8.50,8.50,8.50,8.50,8.50,8.50,8.50,8.50,8.50,8.50,8.50,8.50,8.50,8.50,8.50,8.50,8.50,8.50,8.50,8.50,8.50,8.50,8.50,8.50,8.50,8.50,8.50,8.50,8.50,8.50,8.50,8.50,8.50,8.50,8.50,8.54,8.54,8.54
Oaxaca,Oaxaca,8.20,8.00,8.20,8.30,8.30,8.30,8.30,,8.30,8.30,8.30,8.17,8.17,8.17,8.17,8.17,8.17,8.17,8.17,8.17,8.17,8.00,8.00,8.00,8.00,8.00,8.00,8.00,8.00,8.00,8.00,8.00,8.00,8.00,8.00,8.00,8.00,8.00,8.00,8.00,8.00,8.00,8.00,8.00,8.00,8.00,8.00,8.00,8.00,8.00,8.00,8.00,8.00,8.00,8.17,8.00,8.00,8.00,8.00,8.00,8.00,8.00,8.00,8.00,8.00,8.00,8.00,8.00,8.00,8.00,8.00,8.00,8.00,8.00,8.00,8.00,8.00,8.00,8.00,8.00,8.00,8.00,8.00,8.00,8.00,8.00,8.00,8.00,8.00,8.00,8.00,8.00,8.00,8.00,8.17,8.17,8.00,8.00,8.00,8.00,8.00,8.00,8.00,8.00,8.00,8.00,8.00,8.00,8.00,8.00,8.00,8.00,8.00,8.00,8.00,8.00,8.00,8.00,8.00,8.00,8.00,8.00,8.00,8.00,8.00,8.00,8.00,8.00,8.00,8.00,8.00,8.17,8.17,8.00,8.00,8.00,8.00,8.00,8.00,8.00,8.00,8.00,8.00,8.00,8.00,8.00,8.00,8.00,8.00,8.00,8.00,8.00,8.00,8.00,8.00,8.00,8.00,8.00,8.00
Oaxaca,Oaxaca,8.20,8.00,8.20,8.30,8.30,8.30,8.30,,8.30,8.30,8.30,8.17,8.17,8.17,8.17,8.17,8.17,8.17,8.17,8.17,8.17,8.00,8.00,8.00,8.00,8.00,8.00,8.00,8.00,8.00,8.00,8.00,8.00,8.00,8.00,8.00,8.00,8.00,8.00,8.00,8.00,8.00,8.00,8.00,8.00,8.00,8.00,8.00,8.00,8.00,8.00,8.00,8.00,8.00,8.17,8.00,8.00,8.00,8.00,8.00,8.00,8.00,8.00,8.00,8.00,8.00,8.00,8.00,8.00,8.00,8.00,8.00,8.00,8.00,8.00,8.00,8.00,8.00,8.00,8.00,8.00,8.00,8.00,8.00,8.00,8.00,8.00,8.00,8.00,8.00,8.00,8.00,8.00,8.00,8.17,8.17,8.00,8.00,8.00,8.00,8.00,8.00,8.00,8.00,8.00,8.00,8.00,8.00,8.00,8.00,8.00,8.00,8.00,8.00,8.00,8.00,8.00,8.00,8.00,8.00,8.00,8.00,8.00,8.00,8.00,8.00,8.00,8.00,8.00,8.00,8.00,8.17,8.17,8.00,8.00,8.00,8.00,8.00,8.00,8.00,8.00,8.00,8.00,8.00,8.00,8.00,8.00,8.00,8.00,8.00,8.00,8.00,8.00,8.00,8.00,8.00,8.00,8.00,8.00
Puebla,Puebla,9.00,9.00,9.00,9.00,9.00,9.00,8.80,8.80,8.80,8.80,8.80,8.42,8.36,8.36,8.36,8.36,8.35,8.35,8.35,8.35,8.35,8.36,8.36,8.36,8.36,8.36,8.36,8.36,8.36,8.38,8.38,8.36,8.36,8.36,8.36,8.36,8.36,8.36,8.36,8.36,8.36,8.36,8.36,8.36,8.31,8.36,8.36,8.36,8.36,8.36,8.36,8.36,8.36,8.36,8.36,8.36,8.36,8.36,8.36,8.36,8.36,8.36,8.36,8.36,8.36,8.36,8.36,8.36,8.36,8.36,8.21,8.21,8.21,8.21,8.21,8.21,8.21,8.21,8.21,8.21,8.21,8.21,8.21,8.21,8.21,8.21,8.21,8.21,8.21,8.21,8.21,8.30,8.30,8.34,8.34,8.36,8.36,8.36,8.36,8.36,8.36,8.36,8.36,8.36,8.36,8.32,8.32,8.32,8.32,8.32,8.32,8.32,8.32,8.32,8.32,8.30,8.30,8.30,8.30,8.30,8.30,8.30,8.30,8.30,8.30,8.30,8.30,8.30,8.30,8.30,8.30,8.30,8.30,8.30,8.30,8.30,8.34,8.34,8.34,8.34,8.34,8.34,8.34,8.34,8.34,8.34,8.34,8.34,8.34,8.34,8.34,8.34,8.34,8.34,8.25,8.21,8.32,8.32,8.32
,ZM Puebla,,,,,,,,,,,,8.00,7.40,7.40,7.40,7.40,7.40,7.40,7.40,7.40,7.40,7.40,7.40,7.40,7.40,7.40,7.40,7.20,7.20,7.20,7.20,7.20,7.20,7.20,7.20,7.20,7.20,7.20,7.20,7.20,7.20,7.20,7.20,7.20,7.20,7.20,7.20,7.20,7.20,7.20,7.20,7.20,7.20,7.20,7.20,7.20,7.20,7.20,7.20,7.20,7.20,7.20,7.20,7.20,7.20,7.20,7.20,7.20,7.20,7.20,7.20,7.20,7.20,7.20,7.20,7.20,7.20,7.20,7.20,7.20,7.20,7.20,7.20,7.20,7.20,7.20,7.20,7.20,7.20,7.20,7.20,7.20,7.20,7.20,7.20,7.20,7.20,7.20,7.20,7.20,7.20,7.20,7.20,7.20,7.20,7.20,7.20,7.20,7.20,7.20,7.20,7.20,7.20,7.20,7.20,7.20,7.20,7.20,7.20,7.20,7.20,7.20,7.20,7.20,7.20,7.20,7.20,7.20,7.20,7.20,7.20,7.20,7.20,7.20,7.20,7.20,7.20,7.20,7.20,7.20,7.20,7.20,7.20,7.20,7.20,7.20,7.20,7.20,7.20,7.20,7.20,7.20,7.20,7.20,7.20,7.20,7.20,7.20,7.20
Puebla,Puebla,9.00,9.00,9.00,9.00,9.00,9.00,8.80,8.80,8.80,8.80,8.80,8.21,7.88,7.88,7.88,7.88,7.88,7.88,7.88,7.88,7.88,7.88,7.88,7.88,7.88,7.88,7.88,7.78,7.78,7.79,7.79,7.78,7.78,7.78,7.78,7.78,7.78,7.78,7.78,7.78,7.78,7.78,7.78,7.78,7.76,7.78,7.78,7.78,7.78,7.78,7.78,7.78,7.78,7.78,7.78,7.78,7.78,7.78,7.78,7.78,7.78,7.78,7.78,7.78,7.78,7.78,7.78,7.78,7.78,7.78,7.71,7.71,7.71,7.71,7.71,7.71,7.71,7.71,7.71,7.71,7.71,7.71,7.71,7.71,7.71,7.71,7.71,7.71,7.71,7.71,7.71,7.75,7.75,7.77,7.77,7.78,7.78,7.78,7.78,7.78,7.78,7.78,7.78,7.78,7.78,7.76,7.76,7.76,7.76,7.76,7.76,7.76,7.76,7.76,7.76,7.75,7.75,7.75,7.75,7.75,7.75,7.75,7.75,7.75,7.75,7.75,7.75,7.75,7.75,7.75,7.75,7.75,7.75,7.75,7.75,7.75,7.77,7.77,7.77,7.77,7.77,7.77,7.77,7.77,7.77,7.77,7.77,7.77,7.77,7.77,7.77,7.77,7.77,7.77,7.73,7.71,7.76,7.76,7.76
Querétaro,Querétaro,9.00,9.00,9.00,9.00,9.00,9.00,9.00,9.00,9.00,9.00,9.00,8.80,8.80,8.80,8.80,8.80,8.80,8.70,8.70,8.70,8.70,8.80,8.80,8.80,8.80,8.80,8.80,8.80,8.80,8.80,8.80,8.80,8.80,8.80,8.60,8.60,8.60,8.60,8.60,8.60,8.60,8.60,8.60,8.60,8.60,8.60,8.60,8.60,8.60,8.60,8.60,8.60,8.60,8.60,8.60,8.60,8.60,8.60,8.60,8.60,8.60,8.60,8.60,8.60,8.60,8.60,8.60,8.60,8.60,8.60,8.60,8.60,8.60,8.70,8.70,8.70,8.70,8.70,8.70,8.70,8.70,8.80,8.80,8.80,8.80,8.80,8.80,8.80,8.80,8.80,8.80,8.80,8.80,8.80,8.80,8.80,8.80,8.80,8.80,8.80,8.80,8.80,8.80,8.80,8.80,8.80,8.80,8.80,8.80,8.80,8.80,8.80,8.80,8.80,8.80,8.80,8.80,8.80,8.80,8.80,8.80,8.80,8.80,8.80,8.80,8.80,8.80,8.80,8.80,8.80,8.80,8.80,8.80,8.80,8.80,8.80,8.80,8.80,8.80,8.80,8.80,8.80,8.80,8.80,8.80,8.80,8.80,8.80,8.80,8.80,8.80,8.80,8.80,8.80,8.80,8.80,8.80,8.80,8.80
Querétaro,Querétaro,9.00,9.00,9.00,9.00,9.00,9.00,9.00,9.00,9.00,9.00,9.00,8.80,8.80,8.80,8.80,8.80,8.80,8.70,8.70,8.70,8.70,8.80,8.80,8.80,8.80,8.80,8.80,8.80,8.80,8.80,8.80,8.80,8.80,8.80,8.60,8.60,8.60,8.60,8.60,8.60,8.60,8.60,8.60,8.60,8.60,8.60,8.60,8.60,8.60,8.60,8.60,8.60,8.60,8.60,8.60,8.60,8.60,8.60,8.60,8.60,8.60,8.60,8.60,8.60,8.60,8.60,8.60,8.60,8.60,8.60,8.60,8.60,8.60,8.70,8.70,8.70,8.70,8.70,8.70,8.70,8.70,8.80,8.80,8.80,8.80,8.80,8.80,8.80,8.80,8.80,8.80,8.80,8.80,8.80,8.80,8.80,8.80,8.80,8.80,8.80,8.80,8.80,8.80,8.80,8.80,8.80,8.80,8.80,8.80,8.80,8.80,8.80,8.80,8.80,8.80,8.80,8.80,8.80,8.80,8.80,8.80,8.80,8.80,8.80,8.80,8.80,8.80,8.80,8.80,8.80,8.80,8.80,8.80,8.80,8.80,8.80,8.80,8.80,8.80,8.80,8.80,8.80,8.80,8.80,8.80,8.80,8.80,8.80,8.80,8.80,8.80,8.80,8.80,8.80,8.80,8.80,8.80,8.80,8.80
Quintana Roo,Cancún,10.00,10.00,9.80,9.80,9.80,9.80,9.80,,9.80,9.60,9.60,9.75,9.75,9.75,9.75,9.75,9.75,9.75,9.75,9.75,9.75,9.75,9.75,9.75,9.75,9.50,9.50,9.50,9.50,9.50,9.50,9.50,9.50,9.50,9.50,9.50,9.50,9.50,9.50,9.50,9.50,9.50,9.50,9.50,9.50,9.50,9.50,9.50,9.50,9.50,9.50,9.50,9.50,9.50,9.50,9.50,9.50,9.50,9.50,9.50,9.50,9.75,9.75,9.75,9.75,9.75,9.25,9.25,9.25,9.25,9.25,9.25,9.25,9.25,9.25,9.25,9.25,9.25,9.25,9.25,9.25,9.25,9.25,9.25,9.25,9.25,9.25,9.25,9.25,9.25,9.25,9.25,9.25,9.25,9.25,9.25,9.25,9.25,9.25,9.25,9.25,9.25,9.25,9.25,9.25,9.25,9.25,9.00,9.25,9.25,9.25,9.25,9.25,9.25,9.25,9.25,9.25,9.25,9.25,9.25,9.25,9.25,9.25,9.25,9.25,9.25,9.25,9.25,9.25,9.25,9.25,9.25,9.25,9.25,9.25,9.25,9.25,9.25,9.25,9.25,9.25,9.25,9.25,9.25,9.25,9.25,9.25,9.25,9.25,9.25,9.25,9.25,9.25,9.25,9.25,9.25,9.25,9.25,9.25
,Chetumal,10.30,11.80,11.80,11.60,11.60,11.40,9.80,10.00,10.00,10.00,10.00,10.00,10.00,10.00,10.00,10.00,10.00,10.00,10.00,10.00,10.00,10.00,10.00,10.00,10.00,10.00,10.00,10.00,10.00,10.00,10.00,10.00,10.00,10.00,10.00,10.00,10.00,10.00,10.00,10.00,10.00,10.00,10.00,10.00,10.00,10.00,10.00,10.00,10.00,10.00,10.00,10.00,10.00,10.00,10.00,10.00,10.00,10.00,10.00,10.00,10.00,10.00,10.00,10.00,10.00,10.00,10.00,10.00,10.00,10.00,10.00,10.00,10.00,10.00,10.00,10.00,10.00,10.00,10.00,10.00,10.00,10.00,10.00,10.00,10.00,10.00,10.00,10.00,10.00,10.00,10.00,10.00,10.00,10.00,10.00,10.00,10.00,10.00,10.00,10.00,10.00,10.00,10.00,10.00,10.00,10.00,10.00,10.00,10.00,10.00,10.00,10.00,10.00,10.00,10.00,10.00,10.00,10.00,10.00,10.00,10.00,10.00,10.00,10.00,10.00,10.00,10.00,10.00,10.00,10.00,10.00,10.00,10.00,10.00,10.00,10.00,10.00,10.00,10.00,10.00,10.00,10.00,10.00,10.00,10.00,10.00,10.00,10.00,10.00,10.00,10.00,10.00,10.00,8.00,10.00,10.00,8.00,8.00,8.00
Quintana Roo,Quintana Roo,10.15,10.90,10.80,10.70,10.70,10.60,9.80,10.00,9.90,9.80,9.80,9.88,9.88,9.88,9.88,9.88,9.88,9.88,9.88,9.88,9.88,9.88,9.88,9.88,9.88,9.75,9.75,9.75,9.75,9.75,9.75,9.75,9.75,9.75,9.75,9.75,9.75,9.75,9.75,9.75,9.75,9.75,9.75,9.75,9.75,9.75,9.75,9.75,9.75,9.75,9.75,9.75,9.75,9.75,9.75,9.75,9.75,9.75,9.75,9.75,9.75,9.88,9.88,9.88,9.88,9.88,9.63,9.63,9.63,9.63,9.63,9.63,9.63,9.63,9.63,9.63,9.63,9.63,9.63,9.63,9.63,9.63,9.63,9.63,9.63,9.63,9.63,9.63,9.63,9.63,9.63,9.63,9.63,9.63,9.63,9.63,9.63,9.63,9.63,9.63,9.63,9.63,9.63,9.63,9.63,9.63,9.63,9.50,9.63,9.63,9.63,9.63,9.63,9.63,9.63,9.63,9.63,9.63,9.63,9.63,9.63,9.63,9.63,9.63,9.63,9.63,9.63,9.63,9.63,9.63,9.63,9.63,9.63,9.63,9.63,9.63,9.63,9.63,9.63,9.63,9.63,9.63,9.63,9.63,9.63,9.63,9.63,9.63,9.63,9.63,9.63,9.63,9.63,8.63,9.63,9.63,8.63,8.63,8.63
San Luis Potosí,San Luis Potosí,8.72,8.80,8.90,8.80,8.80,8.80,8.80,,8.80,8.80,8.80,8.75,8.75,8.75,8.75,8.83,8.83,8.83,8.83,8.83,8.83,8.83,8.83,8.83,8.83,8.83,8.83,8.83,8.83,8.83,8.83,8.83,8.83,8.83,8.83,8.83,8.83,8.83,8.83,8.83,8.83,8.83,8.83,8.83,8.83,8.83,8.83,8.83,8.83,8.83,8.83,8.83,8.83,8.83,8.83,8.83,8.83,8.83,8.83,8.83,8.83,8.83,8.83,8.83,8.83,8.83,8.83,8.83,8.83,8.83,8.83,8.83,8.83,8.83,8.83,9.00,9.00,8.83,8.83,8.83,8.83,8.83,8.83,8.83,8.83,8.83,8.83,8.83,8.83,8.83,8.83,8.85,8.85,8.85,8.85,8.85,8.85,8.85,8.85,8.85,8.85,8.85,8.85,8.85,8.85,8.85,8.85,8.85,8.85,8.85,8.85,8.85,8.85,8.85,8.85,8.85,8.85,8.85,8.85,8.85,8.85,8.85,8.85,8.85,8.85,8.85,8.85,8.85,8.85,8.85,8.85,8.85,8.85,8.85,8.85,8.85,8.85,8.85,8.85,8.85,8.85,8.85,8.93,8.93,8.93,8.77,8.77,8.77,8.77,8.77,8.93,8.93,8.93,8.93,8.93,8.93,8.93,8.93,8.93
San Luis Potosí,San Luis Potosí,8.72,8.80,8.90,8.80,8.80,8.80,8.80,,8.80,8.80,8.80,8.75,8.75,8.75,8.75,8.83,8.83,8.83,8.83,8.83,8.83,8.83,8.83,8.83,8.83,8.83,8.83,8.83,8.83,8.83,8.83,8.83,8.83,8.83,8.83,8.83,8.83,8.83,8.83,8.83,8.83,8.83,8.83,8.83,8.83,8.83,8.83,8.83,8.83,8.83,8.83,8.83,8.83,8.83,8.83,8.83,8.83,8.83,8.83,8.83,8.83,8.83,8.83,8.83,8.83,8.83,8.83,8.83,8.83,8.83,8.83,8.83,8.83,8.83,8.83,9.00,9.00,8.83,8.83,8.83,8.83,8.83,8.83,8.83,8.83,8.83,8.83,8.83,8.83,8.83,8.83,8.85,8.85,8.85,8.85,8.85,8.85,8.85,8.85,8.85,8.85,8.85,8.85,8.85,8.85,8.85,8.85,8.85,8.85,8.85,8.85,8.85,8.85,8.85,8.85,8.85,8.85,8.85,8.85,8.85,8.85,8.85,8.85,8.85,8.85,8.85,8.85,8.85,8.85,8.85,8.85,8.85,8.85,8.85,8.85,8.85,8.85,8.85,8.85,8.85,8.85,8.85,8.93,8.93,8.93,8.77,8.77,8.77,8.77,8.77,8.93,8.93,8.93,8.93,8.93,8.93,8.93,8.93,8.93
Sinaloa,Culiacán,8.60,9.00,9.00,9.00,9.00,9.00,9.00,8.70,8.50,8.50,8.50,8.50,8.50,8.50,8.50,8.50,8.50,8.50,8.50,8.50,8.50,8.50,8.50,8.50,8.50,8.50,8.50,8.50,8.50,8.50,8.50,8.50,8.50,8.50,8.50,8.50,8.50,8.50,8.50,8.50,8.50,8.50,8.50,8.50,8.50,8.50,8.50,8.50,8.50,8.50,8.50,8.50,8.50,8.50,8.50,8.50,8.50,8.50,8.50,8.50,8.50,8.50,8.50,8.50,8.50,8.50,8.50,8.50,8.50,8.50,8.50,8.50,8.50,8.50,8.50,8.50,8.50,8.50,8.50,8.50,8.50,8.50,8.50,8.50,8.50,8.50,8.50,8.50,8.50,8.50,8.50,8.50,8.50,8.50,8.50,8.50,8.50,8.50,8.50,8.50,8.50,8.50,8.50,8.50,8.50,8.50,8.50,8.50,8.50,8.50,8.50,8.50,8.50,8.50,8.50,8.50,8.50,8.50,8.50,8.50,8.50,8.50,8.50,8.50,8.50,8.50,8.50,8.50,8.50,8.50,8.50,8.50,8.50,8.50,8.50,8.50,8.50,8.50,8.50,8.50,8.50,8.50,8.50,8.50,8.50,8.50,8.50,8.50,8.50,8.50,8.50,8.50,8.50,8.50,8.50,8.50,8.50,8.50,8.50
Sinaloa,Sinaloa,8.60,9.00,9.00,9.00,9.00,9.00,9.00,8.70,8.50,8.50,8.50,8.50,8.50,8.50,8.50,8.50,8.50,8.50,8.50,8.50,8.50,8.50,8.50,8.50,8.50,8.50,8.50,8.50,8.50,8.50,8.50,8.50,8.50,8.50,8.50,8.50,8.50,8.50,8.50,8.50,8.50,8.50,8.50,8.50,8.50,8.50,8.50,8.50,8.50,8.50,8.50,8.50,8.50,8.50,8.50,8.50,8.50,8.50,8.50,8.50,8.50,8.50,8.50,8.50,8.50,8.50,8.50,8.50,8.50,8.50,8.50,8.50,8.50,8.50,8.50,8.50,8.50,8.50,8.50,8.50,8.50,8.50,8.50,8.50,8.50,8.50,8.50,8.50,8.50,8.50,8.50,8.50,8.50,8.50,8.50,8.50,8.50,8.50,8.50,8.50,8.50,8.50,8.50,8.50,8.50,8.50,8.50,8.50,8.50,8.50,8.50,8.50,8.50,8.50,8.50,8.50,8.50,8.50,8.50,8.50,8.50,8.50,8.50,8.50,8.50,8.50,8.50,8.50,8.50,8.50,8.50,8.50,8.50,8.50,8.50,8.50,8.50,8.50,8.50,8.50,8.50,8.50,8.50,8.50,8.50,8.50,8.50,8.50,8.50,8.50,8.50,8.50,8.50,8.50,8.50,8.50,8.50,8.50,8.50
Sonora,Cd. Obregón,10.40,11.20,11.60,11.60,11.20,11.60,11.60,11.60,11.30,11.30,11.30,12.00,12.00,12.00,12.00,12.00,12.00,12.00,12.00,12.00,12.00,10.00,10.00,10.00,10.00,10.00,10.00,10.00,10.00,10.00,10.00,10.00,10.00,10.00,10.00,10.00,10.00,10.00,10.00,10.00,10.00,10.00,10.00,10.00,10.00,10.00,10.00,10.00,10.00,10.00,10.00,10.00,10.00,10.00,10.00,10.00,10.00,10.00,10.00,10.00,10.00,10.00,10.00,10.00,10.00,10.00,10.00,10.00,10.00,10.00,10.00,10.00,10.00,10.00,10.00,10.00,10.00,10.00,10.00,10.00,10.00,10.00,10.00,10.00,10.00,10.00,10.00,10.00,10.00,10.00,10.00,10.00,10.00,10.00,10.00,10.00,10.00,10.00,10.00,10.00,10.00,10.00,10.00,10.00,10.00,10.00,10.00,10.00,10.00,10.00,10.00,10.00,10.00,10.00,10.00,10.00,10.00,10.00,10.00,10.00,10.00,10.00,10.00,10.00,10.00,10.00,10.00,10.00,10.00,10.00,10.00,10.00,10.00,10.00,10.00,10.00,10.00,10.00,10.00,10.00,10.00,10.00,10.00,10.00,10.00,10.00,10.00,10.00,10.00,10.00,10.00,10.00,10.00,10.00,10.00,10.00,10.00,10.00,10.00
,Hermosillo,11.00,11.40,11.40,11.40,11.40,11.40,11.40,11.40,11.40,11.60,11.60,11.50,11.50,11.50,11.50,11.50,11.50,11.60,11.50,11.50,11.50,11.50,11.50,11.50,11.50,11.50,11.50,11.50,11.50,11.50,11.50,11.50,11.50,11.50,11.25,11.25,11.25,11.25,11.25,11.25,11.25,11.25,11.25,11.25,11.25,11.25,11.25,11.25,11.25,11.25,11.25,11.00,11.00,11.00,11.25,11.25,11.25,11.25,11.25,11.25,11.25,11.25,11.25,11.25,11.25,11.25,11.25,11.25,11.00,11.25,11.25,11.25,11.25,11.25,11.25,11.25,11.25,11.00,11.25,11.25,11.25,11.25,11.25,11.25,11.25,11.25,11.50,11.50,11.50,11.50,11.50,11.50,11.50,11.50,11.50,11.50,11.50,11.50,11.50,11.50,11.50,11.50,11.50,11.50,11.50,11.50,11.50,11.50,11.50,11.50,11.50,11.50,11.50,11.50,11.50,11.50,11.50,11.50,11.50,11.50,11.50,11.50,11.50,11.50,11.50,11.50,11.50,11.50,11.50,11.50,11.50,11.50,11.50,11.50,11.50,11.50,11.50,11.50,11.50,11.50,11.50,11.50,11.50,11.50,11.50,11.50,11.50,11.50,11.50,11.50,11.50,11.50,11.50,11.50,11.50,11.50,11.50,11.50,11.50
,Nogales,,,,,,,,,,,,11.00,11.00,11.00,11.00,11.00,11.00,11.00,11.00,11.00,11.00,11.00,11.00,11.00,11.00,11.00,11.00,11.00,11.00,11.00,11.00,11.00,11.00,11.00,11.00,11.00,11.00,11.00,11.00,11.00,11.00,11.00,11.00,11.00,11.00,11.00,11.00,11.00,11.00,11.00,11.00,11.00,11.00,11.00,11.00,11.00,11.00,11.00,11.00,11.00,11.00,11.00,11.00,11.00,11.00,11.00,11.00,11.00,11.00,11.00,11.00,11.00,11.00,11.00,11.00,11.00,11.00,11.00,11.00,11.00,11.00,11.00,11.00,11.00,11.00,11.00,11.00,11.00,11.00,11.00,11.00,11.00,11.00,11.00,11.00,11.00,11.00,11.00,11.00,11.00,11.00,11.00,11.00,11.00,11.00,11.00,11.00,11.00,11.00,11.00,11.00,11.00,11.00,11.00,11.00,11.00,11.00,11.00,11.00,11.00,11.00,11.00,11.00,11.00,11.00,11.00,11.00,11.00,11.00,11.00,11.00,11.00,11.00,11.00,11.00,11.00,11.00,11.00,11.00,11.00,11.00,11.00,11.00,11.00,11.00,11.00,11.00,11.00,11.00,11.00,11.00,11.00,11.00,11.00,11.00,11.00,11.00,11.00,11.00
Sonora,Sonora,10.70,11.30,11.50,11.50,11.30,11.50,11.50,11.50,11.35,11.45,11.45,11.50,11.50,11.50,11.50,11.50,11.50,11.53,11.50,11.50,11.50,10.83,10.83,10.83,10.83,10.83,10.83,10.83,10.83,10.83,10.83,10.83,10.83,10.83,10.75,10.75,10.75,10.75,10.75,10.75,10.75,10.75,10.75,10.75,10.75,10.75,10.75,10.75,10.75,10.75,10.75,10.67,10.67,10.67,10.75,10.75,10.75,10.75,10.75,10.75,10.75,10.75,10.75,10.75,10.75,10.75,10.75,10.75,10.67,10.75,10.75,10.75,10.75,10.75,10.75,10.75,10.75,10.67,10.75,10.75,10.75,10.75,10.75,10.75,10.75,10.75,10.83,10.83,10.83,10.83,10.83,10.83,10.83,10.83,10.83,10.83,10.83,10.83,10.83,10.83,10.83,10.83,10.83,10.83,10.83,10.83,10.83,10.83,10.83,10.83,10.83,10.83,10.83,10.83,10.83,10.83,10.83,10.83,10.83,10.83,10.83,10.83,10.83,10.83,10.83,10.83,10.83,10.83,10.83,10.83,10.83,10.83,10.83,10.83,10.83,10.83,10.83,10.83,10.83,10.83,10.83,10.83,10.83,10.83,10.83,10.83,10.83,10.83,10.83,10.83,10.83,10.83,10.83,10.83,10.83,10.83,10.83,10.83,10.83
Tabasco,Villahermosa,11.00,11.50,11.50,11.70,11.50,11.40,11.40,11.40,10.80,10.60,9.78,9.78,9.78,9.78,9.78,9.78,9.78,9.78,9.78,9.60,9.60,9.50,9.50,9.60,9.60,9.60,9.60,9.60,9.60,9.60,9.60,9.50,9.50,9.50,9.50,9.50,9.50,9.50,9.50,9.50,9.50,9.50,9.50,9.50,9.50,9.50,9.50,9.50,9.50,9.50,9.50,9.50,9.50,9.50,9.50,9.50,9.50,9.50,9.50,9.50,9.50,9.50,9.50,9.50,9.50,9.50,9.50,9.50,9.50,9.50,9.50,9.50,9.50,9.50,9.50,9.50,9.50,9.50,9.50,9.50,9.50,9.50,9.50,9.50,9.50,9.50,9.50,9.50,9.50,9.50,9.50,9.50,9.50,9.50,9.50,9.50,9.50,9.50,9.50,9.50,9.50,9.50,9.50,9.50,9.50,9.50,9.50,9.50,9.50,9.50,9.50,9.50,9.50,9.50,9.50,9.50,9.50,9.50,9.50,9.50,9.50,9.50,9.50,9.50,9.50,9.50,9.50,9.50,9.50,9.50,9.50,9.50,9.50,9.50,9.50,9.50,9.50,9.50,9.50,9.50,9.50,9.50,9.50,9.50,9.50,9.50,9.50,9.50,9.50,9.50,9.50,9.50,9.50,9.50,9.50,9.50,9.50,9.50,9.50
Tabasco,Tabasco,11.00,11.50,11.50,11.70,11.50,11.40,11.40,11.40,10.80,10.60,9.78,9.78,9.78,9.78,9.78,9.78,9.78,9.78,9.78,9.60,9.60,9.50,9.50,9.60,9.60,9.60,9.60,9.60,9.60,9.60,9.60,9.50,9.50,9.50,9.50,9.50,9.50,9.50,9.50,9.50,9.50,9.50,9.50,9.50,9.50,9.50,9.50,9.50,9.50,9.50,9.50,9.50,9.50,9.50,9.50,9.50,9.50,9.50,9.50,9.50,9.50,9.50,9.50,9.50,9.50,9.50,9.50,9.50,9.50,9.50,9.50,9.50,9.50,9.50,9.50,9.50,9.50,9.50,9.50,9.50,9.50,9.50,9.50,9.50,9.50,9.50,9.50,9.50,9.50,9.50,9.50,9.50,9.50,9.50,9.50,9.50,9.50,9.50,9.50,9.50,9.50,9.50,9.50,9.50,9.50,9.50,9.50,9.50,9.50,9.50,9.50,9.50,9.50,9.50,9.50,9.50,9.50,9.50,9.50,9.50,9.50,9.50,9.50,9.50,9.50,9.50,9.50,9.50,9.50,9.50,9.50,9.50,9.50,9.50,9.50,9.50,9.50,9.50,9.50,9.50,9.50,9.50,9.50,9.50,9.50,9.50,9.50,9.50,9.50,9.50,9.50,9.50,9.50,9.50,9.50,9.50,9.50,9.50,9.50
Tamaulipas,Cd. Victoria,8.00,8.60,8.60,8.60,8.60,8.60,8.60,8.60,9.00,9.00,9.00,9.00,9.00,9.00,9.00,9.00,9.00,9.00,9.00,9.00,9.00,9.00,9.00,9.00,9.00,9.00,9.00,9.00,9.00,9.00,9.00,9.00,9.00,9.00,9.00,9.00,9.00,9.00,9.00,9.00,9.00,9.00,9.00,9.00,9.00,9.00,9.00,9.00,9.00,9.00,9.00,9.00,9.00,9.00,9.00,9.00,9.00,9.00,9.00,9.00,9.00,9.00,9.00,9.00,9.00,9.00,9.00,9.00,9.00,9.00,9.00,9.00,9.00,9.00,9.00,9.00,9.00,9.00,9.00,9.00,9.00,9.00,9.00,9.00,9.00,9.00,9.00,9.00,9.00,9.00,9.00,9.00,9.00,9.00,9.00,9.00,9.00,9.00,9.00,9.00,9.00,9.00,9.00,9.00,9.00,9.00,9.00,9.00,9.00,9.00,9.00,9.00,9.00,9.00,9.00,9.00,9.00,9.00,9.00,9.00,9.00,9.00,9.00,9.00,9.00,9.00,9.00,9.00,9.00,9.00,9.00,9.00,9.00,9.00,9.00,9.00,9.00,9.00,9.00,9.00,9.00,9.00,9.00,9.00,9.00,9.00,9.00,9.00,9.00,9.00,9.00,9.00,9.00,9.00,9.00,9.00,9.00,9.00,9.00
,Matamoros,,9.80,9.80,9.80,9.80,9.80,9.80,9.80,9.80,9.80,9.80,9.83,9.83,9.83,9.83,9.83,9.83,9.83,9.83,9.83,9.83,9.67,9.83,9.67,9.67,9.83,9.67,9.67,9.67,9.67,9.67,9.50,9.67,9.83,9.67,9.67,9.67,9.67,9.67,9.67,9.67,9.67,9.67,9.67,9.67,9.67,9.67,9.67,9.50,9.67,9.67,9.67,9.80,9.67,9.67,9.67,9.67,9.67,9.67,9.67,9.67,9.67,9.67,9.67,9.67,9.67,9.67,9.67,9.67,9.67,9.67,9.67,9.67,9.67,9.67,9.67,9.67,9.67,9.67,9.67,9.67,9.67,9.67,9.67,9.67,9.67,9.67,9.67,9.67,9.67,9.67,9.67,9.67,9.67,9.67,9.67,9.67,9.67,9.67,9.67,9.67,9.67,9.67,9.67,9.67,9.67,9.67,9.67,9.67,9.67,9.67,9.67,9.67,9.67,9.67,9.67,9.67,9.67,9.67,9.67,9.67,9.67,9.67,9.67,9.67,9.67,9.67,9.67,9.67,9.67,9.67,9.67,9.67,9.67,9.67,9.67,9.67,9.67,9.67,9.67,9.67,9.67,9.67,9.67,9.67,9.67,9.67,9.67,9.67,9.67,9.67,9.67,9.67,9.67,9.67,9.67,9.67,9.67,9.67
,Nuevo Laredo,,9.40,9.40,9.80,9.80,9.80,9.80,9.80,9.80,9.80,9.80,10.00,10.00,10.00,10.00,10.00,10.00,9.50,9.50,9.50,9.50,9.50,9.50,9.50,9.50,9.50,9.50,9.50,9.50,9.50,9.50,9.50,9.50,9.50,9.50,9.50,9.50,8.75,8.75,8.75,8.75,8.75,8.75,8.75,8.75,8.75,8.75,8.50,8.75,8.75,8.75,8.75,8.75,8.75,8.75,8.75,8.75,8.75,8.75,9.50,9.50,9.80,9.50,9.50,9.50,9.50,10.00,10.00,10.00,10.00,10.00,10.00,10.00,10.00,10.00,10.00,10.00,10.00,10.00,10.00,10.00,10.00,10.00,10.00,10.00,10.00,10.00,10.00,10.00,10.00,10.00,10.00,10.00,10.00,10.00,10.00,10.00,10.00,10.00,10.00,10.00,10.00,10.00,10.00,10.00,10.00,10.00,10.00,10.00,10.00,10.00,10.00,10.00,10.00,10.00,10.00,10.00,10.00,10.00,10.00,10.00,10.00,10.00,10.00,10.00,10.00,10.00,10.00,10.00,10.00,10.00,10.00,10.00,10.00,10.00,10.00,10.00,10.00,10.00,10.00,10.00,10.00,10.00,10.00,10.00,10.00,10.00,10.00,10.00,10.00,10.00,10.00,10.00,10.00,10.00,10.00,10.00,10.00,10.00
,Reynosa,,10.02,9.60,9.80,10.60,10.60,10.60,10.20,10.10,9.50,9.60,9.38,9.38,9.38,9.38,9.38,9.38,9.38,9.38,9.38,9.38,9.38,9.38,9.38,9.38,9.38,9.13,9.13,9.13,9.13,9.13,9.13,9.13,9.13,9.13,9.13,9.13,9.13,9.13,9.13,9.13,9.13,9.13,9.13,9.13,9.13,9.13,9.13,9.13,9.13,9.13,9.13,9.13,9.13,9.13,9.13,9.13,9.13,9.13,9.13,9.13,9.30,9.13,9.13,9.13,9.13,9.13,9.13,9.13,9.13,9.13,9.13,9.13,9.13,9.13,9.13,9.13,9.13,9.13,9.13,9.13,9.13,9.13,9.13,9.13,9.13,9.13,9.13,9.13,9.13,9.13,9.13,9.13,9.13,9.13,9.13,9.13,9.13,9.13,9.13,9.13,9.13,9.13,9.13,9.13,9.13,9.13,9.13,9.13,9.13,9.13,9.13,9.13,9.13,9.13,9.13,9.13,9.13,9.13,9.13,9.13,9.13,9.13,9.13,9.13,9.13,9.13,9.13,9.13,9.13,9.13,9.13,9.13,9.13,9.13,9.13,9.13,9.13,9.13,9.13,9.13,9.13,9.13,9.13,9.13,9.13,9.13,9.13,9.13,9.13,9.13,9.13,9.13,9.13,9.13,9.13,9.13,9.13,9.13
,Tampico,,,,,,,,,,,,10.00,9.50,10.00,10.00,10.00,9.83,9.50,9.50,9.50,9.50,9.50,9.50,9.50,9.50,9.50,9.50,9.50,9.50,9.50,9.50,9.50,9.50,9.50,9.50,9.50,9.50,9.50,9.50,9.50,9.50,9.50,9.50,9.50,9.50,9.50,9.50,9.50,9.50,9.50,9.50,9.50,9.50,9.50,9.50,9.50,9.50,9.50,9.50,9.50,9.50,9.50,9.50,9.50,9.50,9.50,9.50,9.50,9.50,9.50,9.50,9.50,9.50,9.50,9.50,9.50,9.50,9.50,9.50,9.50,9.50,9.50,9.50,9.50,9.50,9.50,9.50,9.50,9.50,9.50,9.50,9.50,9.50,9.50,9.50,9.50,9.50,9.50,9.50,9.50,9.50,9.50,9.50,9.50,10.00,10.00,10.00,10.00,9.50,10.00,10.00,10.00,10.00,10.00,10.00,10.00,10.00,10.00,10.00,10.00,10.00,10.00,10.00,10.00,10.00,10.00,10.00,10.00,10.00,10.00,10.00,10.00,10.00,10.00,10.00,10.00,10.00,10.00,10.00,10.00,10.00,10.00,10.00,10.00,10.00,10.00,10.00,10.00,10.00,10.00,10.00,10.00,10.00,10.00,10.00,10.00,10.00,10.00,10.00
Tamaulipas,Tamaulipas,8.00,9.46,9.35,9.50,9.70,9.70,9.70,9.60,9.68,9.53,9.55,9.64,9.54,9.64,9.64,9.64,9.61,9.44,9.44,9.44,9.44,9.41,9.44,9.41,9.41,9.44,9.36,9.36,9.36,9.36,9.36,9.33,9.36,9.39,9.36,9.36,9.36,9.21,9.21,9.21,9.21,9.21,9.21,9.21,9.21,9.21,9.21,9.16,9.18,9.21,9.21,9.21,9.24,9.21,9.21,9.21,9.21,9.21,9.21,9.36,9.36,9.45,9.36,9.36,9.36,9.36,9.46,9.46,9.46,9.46,9.46,9.46,9.46,9.46,9.46,9.46,9.46,9.46,9.46,9.46,9.46,9.46,9.46,9.46,9.46,9.46,9.46,9.46,9.46,9.46,9.46,9.46,9.46,9.46,9.46,9.46,9.46,9.46,9.46,9.46,9.46,9.46,9.46,9.46,9.56,9.56,9.56,9.56,9.46,9.56,9.56,9.56,9.56,9.56,9.56,9.56,9.56,9.56,9.56,9.56,9.56,9.56,9.56,9.56,9.56,9.56,9.56,9.56,9.56,9.56,9.56,9.56,9.56,9.56,9.56,9.56,9.56,9.56,9.56,9.56,9.56,9.56,9.56,9.56,9.56,9.56,9.56,9.56,9.56,9.56,9.56,9.56,9.56,9.56,9.56,9.56,9.56,9.56,9.56
Tlaxcala,Tlaxcala,8.00,8.20,8.40,8.40,8.80,8.60,8.60,8.60,8.60,8.60,8.50,8.00,8.00,8.00,8.00,8.00,8.00,8.00,8.00,8.00,8.00,8.00,8.00,8.00,8.00,8.00,8.00,8.00,8.00,8.00,8.00,8.00,8.00,8.00,8.00,8.00,8.00,8.00,8.00,8.00,8.00,8.00,8.00,8.00,8.00,8.00,8.00,8.00,8.00,8.00,8.00,8.00,8.00,8.00,8.00,8.00,8.00,8.00,8.00,8.00,8.00,8.00,8.00,8.00,8.00,8.00,8.00,8.00,8.00,8.00,8.00,8.00,8.00,8.00,8.00,8.00,8.00,8.00,8.00,8.00,8.00,8.00,8.00,8.00,8.00,8.00,8.00,8.00,8.00,8.00,8.00,8.00,8.00,8.00,8.00,8.00,8.00,8.00,8.00,8.00,8.00,8.00,8.00,8.00,8.00,8.00,8.00,8.00,8.00,8.00,8.00,8.00,8.00,8.00,8.00,8.00,8.00,8.00,8.00,8.00,8.00,8.00,8.00,8.00,8.00,8.00,8.00,8.00,8.00,8.00,8.00,8.00,8.00,8.00,8.00,8.00,8.00,8.00,8.00,8.00,8.00,8.00,8.00,8.00,8.00,8.00,8.00,8.00,8.00,8.00,8.00,8.00,8.00,8.00,8.00,8.00,8.00,8.00,8.00
Tlaxcala,Tlaxcala,8.00,8.20,8.40,8.40,8.80,8.60,8.60,8.60,8.60,8.60,8.50,8.00,8.00,8.00,8.00,8.00,8.00,8.00,8.00,8.00,8.00,8.00,8.00,8.00,8.00,8.00,8.00,8.00,8.00,8.00,8.00,8.00,8.00,8.00,8.00,8.00,8.00,8.00,8.00,8.00,8.00,8.00,8.00,8.00,8.00,8.00,8.00,8.00,8.00,8.00,8.00,8.00,8.00,8.00,8.00,8.00,8.00,8.00,8.00,8.00,8.00,8.00,8.00,8.00,8.00,8.00,8.00,8.00,8.00,8.00,8.00,8.00,8.00,8.00,8.00,8.00,8.00,8.00,8.00,8.00,8.00,8.00,8.00,8.00,8.00,8.00,8.00,8.00,8.00,8.00,8.00,8.00,8.00,8.00,8.00,8.00,8.00,8.00,8.00,8.00,8.00,8.00,8.00,8.00,8.00,8.00,8.00,8.00,8.00,8.00,8.00,8.00,8.00,8.00,8.00,8.00,8.00,8.00,8.00,8.00,8.00,8.00,8.00,8.00,8.00,8.00,8.00,8.00,8.00,8.00,8.00,8.00,8.00,8.00,8.00,8.00,8.00,8.00,8.00,8.00,8.00,8.00,8.00,8.00,8.00,8.00,8.00,8.00,8.00,8.00,8.00,8.00,8.00,8.00,8.00,8.00,8.00,8.00,8.00
Veracruz,Coatzacoalcos,9.75,9.75,9.80,9.80,9.80,9.80,9.80,9.80,9.80,9.80,9.80,10.00,10.00,10.00,10.00,10.00,10.00,9.50,9.50,9.50,9.50,9.50,9.50,9.50,9.50,9.50,9.50,9.50,9.50,9.50,9.50,9.50,9.00,9.00,9.00,9.00,9.00,9.00,9.00,9.00,9.00,9.00,9.50,9.00,9.00,9.00,9.00,9.00,9.00,9.00,9.00,9.00,9.00,9.00,9.00,9.00,9.00,9.00,9.00,9.00,9.00,9.00,9.00,9.00,9.00,9.00,9.00,9.00,9.00,9.00,9.00,9.00,9.00,9.00,9.00,9.00,9.00,9.00,9.00,9.00,9.00,9.00,9.00,9.00,9.00,9.00,9.00,9.00,9.00,9.00,9.00,9.00,9.00,9.00,9.00,9.00,9.00,9.00,9.00,9.00,9.00,9.00,9.00,9.00,9.00,9.00,9.00,9.00,9.00,9.00,9.00,9.00,9.00,9.00,9.00,9.00,9.00,9.00,9.00,9.00,9.00,9.00,9.00,9.00,9.00,9.00,9.00,9.00,9.00,9.00,9.00,9.00,9.00,9.00,9.00,9.00,9.00,9.00,9.00,9.00,9.00,9.00,9.00,9.00,9.00,9.00,9.00,9.00,9.00,9.00,9.00,9.00,9.00,9.00,9.00,9.00,9.00,9.00,9.00
,Poza Rica,9.30,9.50,9.50,9.30,9.40,9.80,10.00,9.60,9.50,10.00,9.92,9.80,10.00,10.00,10.00,10.00,9.50,9.50,9.50,9.50,9.50,9.25,9.25,8.75,8.75,8.75,8.75,8.75,8.75,8.75,8.75,8.75,8.75,8.75,8.75,8.75,8.75,8.75,8.75,8.75,8.75,8.75,8.75,8.75,8.75,8.75,8.75,8.75,8.75,9.25,9.25,9.25,9.50,9.50,9.50,9.50,9.50,9.50,8.50,8.50,8.50,8.50,8.50,8.50,8.50,8.50,8.50,8.75,8.75,8.75,8.75,8.75,8.75,8.75,8.75,8.75,8.75,8.75,8.75,8.75,9.00,8.50,8.50,8.50,8.50,8.75,8.75,8.75,8.75,8.75,8.75,8.75,8.75,8.75,8.75,8.75,8.75,8.75,8.75,8.75,8.75,8.75,8.75,8.50,8.50,8.50,8.50,8.50,8.50,8.50,8.50,8.50,8.50,8.50,8.50,8.50,8.50,8.50,8.50,8.50,8.50,8.50,8.50,8.50,8.75,8.75,8.75,8.75,9.00,8.75,8.75,8.75,8.75,8.75,8.75,8.75,8.75,8.75,8.75,8.75,8.75,8.75,9.00,8.75,8.75,9.00,9.00,9.00,9.00,9.00,9.00,9.00,9.00,9.00,9.25,9.00,9.00,9.00,9.00
,Veracruz,9.20,9.70,9.40,9.40,9.40,9.40,9.30,9.30,9.40,9.40,9.40,9.50,9.50,9.50,9.50,9.50,9.50,9.38,9.13,9.13,9.13,9.13,9.13,9.13,9.13,9.13,9.13,9.13,9.13,9.13,9.13,9.13,9.13,9.13,9.13,9.13,9.13,9.13,9.13,9.13,9.13,9.13,9.13,9.13,9.13,9.13,9.13,9.13,9.13,9.13,9.13,9.13,9.13,9.13,9.13,9.13,9.13,9.13,9.13,9.13,9.13,9.13,8.50,8.50,8.50,8.50,9.13,9.13,9.13,9.13,9.13,9.13,9.13,9.13,9.13,8.00,8.00,8.00,8.00,8.00,8.00,8.00,8.00,8.00,8.00,8.00,8.00,8.00,8.00,8.00,8.00,8.00,8.00,8.00,8.00,8.00,8.00,8.00,8.00,8.00,8.00,8.00,8.00,8.00,8.00,8.00,8.00,8.00,8.00,8.00,8.00,8.00,8.00,8.00,8.00,8.00,8.00,8.00,8.00,8.00,8.00,8.00,8.00,8.00,8.00,8.00,8.00,8.00,8.00,8.00,8.00,8.00,8.00,8.00,8.00,8.00,8.00,8.00,8.00,8.00,8.00,8.00,8.00,8.00,8.00,8.00,8.00,8.00,8.00,8.00,8.00,8.00,8.00,8.00,8.00,8.00,8.00,8.00,8.00
,Xalapa,8.20,8.60,8.60,8.60,8.60,8.60,8.60,8.60,8.70,8.80,8.80,8.88,8.88,8.75,8.75,8.75,8.75,8.75,8.75,8.75,8.75,8.75,8.75,8.75,8.75,8.75,8.75,8.75,8.50,8.50,8.50,8.50,8.50,8.50,8.50,8.50,8.50,8.50,8.50,8.50,8.50,8.50,8.50,8.50,8.50,8.50,8.50,8.50,8.50,8.50,8.50,8.50,8.50,8.50,8.50,8.50,8.50,8.50,8.50,8.50,8.50,8.50,9.13,9.13,9.13,9.13,8.50,8.50,8.50,8.50,8.50,8.50,8.50,8.50,8.50,8.50,8.50,8.50,8.50,8.50,8.50,8.50,8.50,8.50,8.50,8.50,8.50,8.50,8.50,8.50,8.50,8.50,8.50,8.50,8.50,8.50,8.50,8.50,8.50,8.50,8.50,8.50,8.50,8.50,8.50,8.50,8.50,8.50,8.50,8.50,8.50,8.50,8.50,8.50,8.50,8.50,8.50,8.50,8.50,8.50,8.50,8.50,8.50,8.50,8.50,8.50,8.50,8.50,8.50,8.50,8.50,8.50,8.50,8.50,8.50,8.50,8.50,8.50,8.50,8.50,8.50,8.50,8.50,8.50,8.50,8.50,8.50,8.50,8.00,8.00,8.00,8.00,8.50,8.50,8.50,8.50,8.50,8.50,8.50
Veracruz,Veracruz,9.11,9.39,9.33,9.28,9.30,9.40,9.43,9.33,9.35,9.50,9.48,9.55,9.60,9.56,9.56,9.56,9.44,9.28,9.22,9.22,9.22,9.16,9.16,9.03,9.03,9.03,9.03,9.03,8.97,8.97,8.97,8.97,8.85,8.85,8.85,8.85,8.85,8.85,8.85,8.85,8.85,8.85,8.97,8.85,8.85,8.85,8.85,8.85,8.85,8.97,8.97,8.97,9.03,9.03,9.03,9.03,9.03,9.03,8.78,8.78,8.78,8.78,8.78,8.78,8.78,8.78,8.78,8.85,8.85,8.85,8.85,8.85,8.85,8.85,8.85,8.56,8.56,8.56,8.56,8.56,8.63,8.50,8.50,8.50,8.50,8.56,8.56,8.56,8.56,8.56,8.56,8.56,8.56,8.56,8.56,8.56,8.56,8.56,8.56,8.56,8.56,8.56,8.56,8.50,8.50,8.50,8.50,8.50,8.50,8.50,8.50,8.50,8.50,8.50,8.50,8.50,8.50,8.50,8.50,8.50,8.50,8.50,8.50,8.50,8.56,8.56,8.56,8.56,8.63,8.56,8.56,8.56,8.56,8.56,8.56,8.56,8.56,8.56,8.56,8.56,8.56,8.56,8.63,8.56,8.56,8.63,8.63,8.63,8.50,8.50,8.50,8.50,8.63,8.63,8.69,8.63,8.63,8.63,8.63
Yucatán,Mérida,9.20,9.00,9.40,9.80,9.80,9.60,9.20,,8.90,8.90,8.90,8.79,8.79,8.79,8.79,8.79,8.79,8.79,8.79,8.79,8.79,8.79,8.79,8.79,8.79,8.79,8.86,8.86,8.86,8.86,8.86,8.86,8.86,8.86,8.86,8.86,8.86,8.86,8.86,8.86,8.86,8.86,8.86,8.86,8.86,8.86,8.86,8.86,8.86,8.86,8.86,8.86,8.86,8.86,8.86,8.86,8.86,8.86,8.86,8.86,8.86,8.86,8.86,8.86,8.86,8.86,8.86,8.86,8.86,8.86,8.86,8.86,8.86,8.86,8.86,8.86,8.86,8.86,8.86,8.86,8.86,8.86,8.86,8.86,8.86,8.86,8.86,8.86,8.79,8.79,8.79,8.79,8.79,8.79,8.79,8.79,8.79,8.79,8.79,8.79,8.79,8.79,8.79,8.79,8.79,8.79,8.79,8.79,8.79,8.79,8.79,8.79,8.79,8.79,8.79,8.79,8.79,8.79,8.79,8.79,8.79,8.79,8.79,8.79,8.79,8.79,8.79,8.79,8.79,8.79,8.79,8.79,8.79,8.79,8.79,8.79,8.86,8.86,8.86,8.86,8.86,8.86,8.86,8.86,8.86,8.86,8.86,8.86,8.86,8.86,9.00,9.00,9.00,9.00,9.00,9.00,9.00,9.00,9.00
Yucatán,Yucatán,9.20,9.00,9.40,9.80,9.80,9.60,9.20,,8.90,8.90,8.90,8.79,8.79,8.79,8.79,8.79,8.79,8.79,8.79,8.79,8.79,8.79,8.79,8.79,8.79,8.79,8.86,8.86,8.86,8.86,8.86,8.86,8.86,8.86,8.86,8.86,8.86,8.86,8.86,8.86,8.86,8.86,8.86,8.86,8.86,8.86,8.86,8.86,8.86,8.86,8.86,8.86,8.86,8.86,8.86,8.86,8.86,8.86,8.86,8.86,8.86,8.86,8.86,8.86,8.86,8.86,8.86,8.86,8.86,8.86,8.86,8.86,8.86,8.86,8.86,8.86,8.86,8.86,8.86,8.86,8.86,8.86,8.86,8.86,8.86,8.86,8.86,8.86,8.79,8.79,8.79,8.79,8.79,8.79,8.79,8.79,8.79,8.79,8.79,8.79,8.79,8.79,8.79,8.79,8.79,8.79,8.79,8.79,8.79,8.79,8.79,8.79,8.79,8.79,8.79,8.79,8.79,8.79,8.79,8.79,8.79,8.79,8.79,8.79,8.79,8.79,8.79,8.79,8.79,8.79,8.79,8.79,8.79,8.79,8.79,8.79,8.86,8.86,8.86,8.86,8.86,8.86,8.86,8.86,8.86,8.86,8.86,8.86,8.86,8.86,9.00,9.00,9.00,9.00,9.00,9.00,9.00,9.00,9.00
Zacatecas,Zacatecas,8.40,8.40,8.00,8.40,8.40,8.40,8.40,8.50,8.50,8.50,8.50,8.50,8.50,8.50,8.50,8.50,8.50,8.50,8.50,8.50,8.50,8.50,8.50,8.50,8.50,8.50,8.50,8.50,8.50,8.50,8.50,8.50,8.50,8.50,8.50,8.50,8.50,8.00,8.00,8.00,8.00,8.00,8.00,8.00,8.00,8.00,8.00,8.00,8.00,8.00,8.00,8.00,8.00,8.00,8.00,8.00,8.00,8.00,8.00,8.00,8.00,8.00,8.00,8.00,8.00,8.00,8.00,8.00,8.00,8.00,8.00,8.00,8.00,8.00,8.00,8.00,8.00,8.00,8.00,8.00,8.00,8.00,8.00,8.00,8.00,8.50,8.50,8.50,8.50,8.50,8.50,8.50,8.50,8.50,8.50,8.50,8.50,8.50,8.50,8.50,8.50,8.50,8.50,8.50,8.50,8.50,8.50,8.50,8.50,8.50,8.50,8.50,8.50,8.50,8.50,8.50,8.50,8.50,8.50,8.50,8.50,8.50,8.50,8.50,8.50,8.50,8.50,8.50,8.50,8.50,8.50,8.50,8.50,8.50,8.50,8.50,8.50,8.50,8.50,8.50,8.50,8.50,8.50,8.50,8.50,8.50,8.50,8.50,8.50,8.50,8.50,8.50,8.50,8.50,8.50,8.50,8.50,8.50,8.50
Zacatecas,Zacatecas,8.40,8.40,8.00,8.40,8.40,8.40,8.40,8.50,8.50,8.50,8.50,8.50,8.50,8.50,8.50,8.50,8.50,8.50,8.50,8.50,8.50,8.50,8.50,8.50,8.50,8.50,8.50,8.50,8.50,8.50,8.50,8.50,8.50,8.50,8.50,8.50,8.50,8.00,8.00,8.00,8.00,8.00,8.00,8.00,8.00,8.00,8.00,8.00,8.00,8.00,8.00,8.00,8.00,8.00,8.00,8.00,8.00,8.00,8.00,8.00,8.00,8.00,8.00,8.00,8.00,8.00,8.00,8.00,8.00,8.00,8.00,8.00,8.00,8.00,8.00,8.00,8.00,8.00,8.00,8.00,8.00,8.00,8.00,8.00,8.00,8.50,8.50,8.50,8.50,8.50,8.50,8.50,8.50,8.50,8.50,8.50,8.50,8.50,8.50,8.50,8.50,8.50,8.50,8.50,8.50,8.50,8.50,8.50,8.50,8.50,8.50,8.50,8.50,8.50,8.50,8.50,8.50,8.50,8.50,8.50,8.50,8.50,8.50,8.50,8.50,8.50,8.50,8.50,8.50,8.50,8.50,8.50,8.50,8.50,8.50,8.50,8.50,8.50,8.50,8.50,8.50,8.50,8.50,8.50,8.50,8.50,8.50,8.50,8.50,8.50,8.50,8.50,8.50,8.50,8.50,8.50,8.50,8.50,8.50
Precio PPP 2/,Precio PPP 2/,8.76,9.40,8.98,9.04,9.19,9.19,8.88,8.87,8.78,8.79,8.77,8.88,8.83,8.82,8.79,8.79,8.78,8.76,8.75,8.74,8.72,8.70,8.71,8.70,8.70,8.70,8.70,8.69,8.68,8.69,8.69,8.68,8.68,8.69,8.68,8.68,8.68,8.67,8.67,8.67,8.67,8.67,8.67,8.67,8.67,8.67,8.67,8.67,8.67,8.66,8.66,8.66,8.67,8.66,8.67,8.67,8.67,8.67,8.67,8.67,8.67,8.68,8.68,8.68,8.68,8.68,8.67,8.68,8.67,8.68,8.67,8.67,8.67,8.67,8.67,8.66,8.66,8.66,8.66,8.66,8.66,8.66,8.67,8.67,8.67,8.67,8.67,8.67,8.67,8.67,8.67,8.67,8.67,8.67,8.67,8.67,8.67,8.67,8.67,8.67,8.67,8.68,8.68,8.68,8.68,8.68,8.68,8.68,8.68,8.68,8.68,8.68,8.68,8.68,8.68,8.68,8.68,8.68,8.68,8.68,8.69,8.69,8.69,8.69,8.69,8.69,8.69,8.69,8.69,8.69,8.69,8.69,8.69,8.69,8.69,8.69,8.69,8.69,8.69,8.69,8.69,8.69,8.68,8.69,8.69,8.70,8.70,8.70,8.69,8.69,8.69,8.69,8.70,8.69,8.70,8.69,8.69,8.69,8.69
ND: No disponible,ND: No disponible,ND: No disponible,ND: No disponible,ND: No disponible,ND: No disponible,ND: No disponible,ND: No disponible,ND: No disponible,ND: No disponible,ND: No disponible,ND: No disponible,ND: No disponible,ND: No disponible,,,,,,,,,,,,,,,,,,,,,,,,,,,,,,,,,,,,,,,,,,,,,,,,,,,,,,,,,,,,,,,,,,,,,,,,,,,,,,,,,,,,,,,,,,,,,,,,,,,,,,,,,,,,,,,,,,,,,,,,,,,,,,,,,,,,,,,,,,,,,,,,,,,
Precio PPP = Promedio Ponderado por Población,Precio PPP = Promedio Ponderado por Población,Precio PPP = Promedio Ponderado por Población,Precio PPP = Promedio Ponderado por Población,Precio PPP = Promedio Ponderado por Población,Precio PPP = Promedio Ponderado por Población,Precio PPP = Promedio Ponderado por Población,Precio PPP = Promedio Ponderado por Población,Precio PPP = Promedio Ponderado por Población,Precio PPP = Promedio Ponderado por Población,Precio PPP = Promedio Ponderado por Población,Precio PPP = Promedio Ponderado por Población,Precio PPP = Promedio Ponderado por Población,Precio PPP = Promedio Ponderado por Población,,,,,,,,,,,,,,,,,,,,,,,,,,,,,,,,,,,,,,,,,,,,,,,,,,,,,,,,,,,,,,,,,,,,,,,,,,,,,,,,,,,,,,,,,,,,,,,,,,,,,,,,,,,,,,,,,,,,,,,,,,,,,,,,,,,,,,,,,,,,,,,,,,,
"Nota: Esta información se obtiene de una encuesta representativa en 53 ciudades localizadas en todos los estados de la república, basada en una muestra de 384 tortillerías y 120 tiendas de autoservicio, con un nivel de confianza del 95% y un margen de error del 5%","Nota: Esta información se obtiene de una encuesta representativa en 53 ciudades localizadas en todos los estados de la república, basada en una muestra de 384 tortillerías y 120 tiendas de autoservicio, con un nivel de confianza del 95% y un margen de error del 5%","Nota: Esta información se obtiene de una encuesta representativa en 53 ciudades localizadas en todos los estados de la república, basada en una muestra de 384 tortillerías y 120 tiendas de autoservicio, con un nivel de confianza del 95% y un margen de error del 5%","Nota: Esta información se obtiene de una encuesta representativa en 53 ciudades localizadas en todos los estados de la república, basada en una muestra de 384 tortillerías y 120 tiendas de autoservicio, con un nivel de confianza del 95% y un margen de error del 5%","Nota: Esta información se obtiene de una encuesta representativa en 53 ciudades localizadas en todos los estados de la república, basada en una muestra de 384 tortillerías y 120 tiendas de autoservicio, con un nivel de confianza del 95% y un margen de error del 5%","Nota: Esta información se obtiene de una encuesta representativa en 53 ciudades localizadas en todos los estados de la república, basada en una muestra de 384 tortillerías y 120 tiendas de autoservicio, con un nivel de confianza del 95% y un margen de error del 5%","Nota: Esta información se obtiene de una encuesta representativa en 53 ciudades localizadas en todos los estados de la república, basada en una muestra de 384 tortillerías y 120 tiendas de autoservicio, con un nivel de confianza del 95% y un margen de error del 5%","Nota: Esta información se obtiene de una encuesta representativa en 53 ciudades localizadas en todos los estados de la república, basada en una muestra de 384 tortillerías y 120 tiendas de autoservicio, con un nivel de confianza del 95% y un margen de error del 5%","Nota: Esta información se obtiene de una encuesta representativa en 53 ciudades localizadas en todos los estados de la república, basada en una muestra de 384 tortillerías y 120 tiendas de autoservicio, con un nivel de confianza del 95% y un margen de error del 5%","Nota: Esta información se obtiene de una encuesta representativa en 53 ciudades localizadas en todos los estados de la república, basada en una muestra de 384 tortillerías y 120 tiendas de autoservicio, con un nivel de confianza del 95% y un margen de error del 5%","Nota: Esta información se obtiene de una encuesta representativa en 53 ciudades localizadas en todos los estados de la república, basada en una muestra de 384 tortillerías y 120 tiendas de autoservicio, con un nivel de confianza del 95% y un margen de error del 5%","Nota: Esta información se obtiene de una encuesta representativa en 53 ciudades localizadas en todos los estados de la república, basada en una muestra de 384 tortillerías y 120 tiendas de autoservicio, con un nivel de confianza del 95% y un margen de error del 5%","Nota: Esta información se obtiene de una encuesta representativa en 53 ciudades localizadas en todos los estados de la república, basada en una muestra de 384 tortillerías y 120 tiendas de autoservicio, con un nivel de confianza del 95% y un margen de error del 5%","Nota: Esta información se obtiene de una encuesta representativa en 53 ciudades localizadas en todos los estados de la república, basada en una muestra de 384 tortillerías y 120 tiendas de autoservicio, con un nivel de confianza del 95% y un margen de error del 5%",,,,,,,,,,,,,,,,,,,,,,,,,,,,,,,,,,,,,,,,,,,,,,,,,,,,,,,,,,,,,,,,,,,,,,,,,,,,,,,,,,,,,,,,,,,,,,,,,,,,,,,,,,,,,,,,,,,,,,,,,,,,,,,,,,,,,,,,,,,,,,,,,,,
1/ El precio por ciudad y por estado corresponde al promedio aritmético de las observaciones de precios encuestados en cada una de ellas.,1/ El precio por ciudad y por estado corresponde al promedio aritmético de las observaciones de precios encuestados en cada una de ellas.,1/ El precio por ciudad y por estado corresponde al promedio aritmético de las observaciones de precios encuestados en cada una de ellas.,1/ El precio por ciudad y por estado corresponde al promedio aritmético de las observaciones de precios encuestados en cada una de ellas.,1/ El precio por ciudad y por estado corresponde al promedio aritmético de las observaciones de precios encuestados en cada una de ellas.,1/ El precio por ciudad y por estado corresponde al promedio aritmético de las observaciones de precios encuestados en cada una de ellas.,1/ El precio por ciudad y por estado corresponde al promedio aritmético de las observaciones de precios encuestados en cada una de ellas.,1/ El precio por ciudad y por estado corresponde al promedio aritmético de las observaciones de precios encuestados en cada una de ellas.,1/ El precio por ciudad y por estado corresponde al promedio aritmético de las observaciones de precios encuestados en cada una de ellas.,1/ El precio por ciudad y por estado corresponde al promedio aritmético de las observaciones de precios encuestados en cada una de ellas.,1/ El precio por ciudad y por estado corresponde al promedio aritmético de las observaciones de precios encuestados en cada una de ellas.,1/ El precio por ciudad y por estado corresponde al promedio aritmético de las observaciones de precios encuestados en cada una de ellas.,1/ El precio por ciudad y por estado corresponde al promedio aritmético de las observaciones de precios encuestados en cada una de ellas.,1/ El precio por ciudad y por estado corresponde al promedio aritmético de las observaciones de precios encuestados en cada una de ellas.,,,,,,,,,,,,,,,,,,,,,,,,,,,,,,,,,,,,,,,,,,,,,,,,,,,,,,,,,,,,,,,,,,,,,,,,,,,,,,,,,,,,,,,,,,,,,,,,,,,,,,,,,,,,,,,,,,,,,,,,,,,,,,,,,,,,,,,,,,,,,,,,,,,
2/ El resultado Nacional corresponde al precio promedio ponderado por población conforme al número de habitantes de cada una de las ciudades encuestadas.,2/ El resultado Nacional corresponde al precio promedio ponderado por población conforme al número de habitantes de cada una de las ciudades encuestadas.,2/ El resultado Nacional corresponde al precio promedio ponderado por población conforme al número de habitantes de cada una de las ciudades encuestadas.,2/ El resultado Nacional corresponde al precio promedio ponderado por población conforme al número de habitantes de cada una de las ciudades encuestadas.,2/ El resultado Nacional corresponde al precio promedio ponderado por población conforme al número de habitantes de cada una de las ciudades encuestadas.,2/ El resultado Nacional corresponde al precio promedio ponderado por población conforme al número de habitantes de cada una de las ciudades encuestadas.,2/ El resultado Nacional corresponde al precio promedio ponderado por población conforme al número de habitantes de cada una de las ciudades encuestadas.,2/ El resultado Nacional corresponde al precio promedio ponderado por población conforme al número de habitantes de cada una de las ciudades encuestadas.,2/ El resultado Nacional corresponde al precio promedio ponderado por población conforme al número de habitantes de cada una de las ciudades encuestadas.,2/ El resultado Nacional corresponde al precio promedio ponderado por población conforme al número de habitantes de cada una de las ciudades encuestadas.,2/ El resultado Nacional corresponde al precio promedio ponderado por población conforme al número de habitantes de cada una de las ciudades encuestadas.,2/ El resultado Nacional corresponde al precio promedio ponderado por población conforme al número de habitantes de cada una de las ciudades encuestadas.,2/ El resultado Nacional corresponde al precio promedio ponderado por población conforme al número de habitantes de cada una de las ciudades encuestadas.,2/ El resultado Nacional corresponde al precio promedio ponderado por población conforme al número de habitantes de cada una de las ciudades encuestadas.,,,,,,,,,,,,,,,,,,,,,,,,,,,,,,,,,,,,,,,,,,,,,,,,,,,,,,,,,,,,,,,,,,,,,,,,,,,,,,,,,,,,,,,,,,,,,,,,,,,,,,,,,,,,,,,,,,,,,,,,,,,,,,,,,,,,,,,,,,,,,,,,,,,
Fuente: SNIIM Sistema Nacional de Información e Integración de Mercados,Fuente: SNIIM Sistema Nacional de Información e Integración de Mercados,Fuente: SNIIM Sistema Nacional de Información e Integración de Mercados,Fuente: SNIIM Sistema Nacional de Información e Integración de Mercados,Fuente: SNIIM Sistema Nacional de Información e Integración de Mercados,Fuente: SNIIM Sistema Nacional de Información e Integración de Mercados,Fuente: SNIIM Sistema Nacional de Información e Integración de Mercados,Fuente: SNIIM Sistema Nacional de Información e Integración de Mercados,Fuente: SNIIM Sistema Nacional de Información e Integración de Mercados,Fuente: SNIIM Sistema Nacional de Información e Integración de Mercados,Fuente: SNIIM Sistema Nacional de Información e Integración de Mercados,Fuente: SNIIM Sistema Nacional de Información e Integración de Mercados,Fuente: SNIIM Sistema Nacional de Información e Integración de Mercados,Fuente: SNIIM Sistema Nacional de Información e Integración de Mercados,,,,,,,,,,,,,,,,,,,,,,,,,,,,,,,,,,,,,,,,,,,,,,,,,,,,,,,,,,,,,,,,,,,,,,,,,,,,,,,,,,,,,,,,,,,,,,,,,,,,,,,,,,,,,,,,,,,,,,,,,,,,,,,,,,,,,,,,,,,,,,,,,,,
